Jeddah_Hotel_Bookings,,,,,,,,,,,
booking_id,booking_date,check_in_date,check_out_date,hotel_type,room_type,adults,children,nights,price_per_night,total_amount,booking_status
JED0001,2025-01-11,2025-01-14,2025-01-19,City,Deluxe,3,1,5,590,2950,Cancelled
JED0002,2025-12-10,2025-12-31,2026-01-02,Resort,Deluxe,2,3,2,994,1988,Checked-out
JED0003,2025-09-14,2025-09-29,2025-10-05,City,Deluxe,2,3,6,742,4452,Checked-out
JED0004,2025-06-28,2025-07-13,2025-07-16,City,Standard,2,2,3,385,1155,Cancelled
JED0005,2025-01-15,2025-01-21,2025-01-24,City,Suite,1,1,3,1239,3717,Checked-out
JED0006,2024-12-11,2024-12-14,2024-12-18,Resort,Standard,1,1,4,547,2188,Checked-out
JED0007,2025-04-07,2025-04-26,2025-04-30,Resort,Standard,2,0,4,502,2008,Checked-out
JED0008,2024-10-21,2024-10-31,2024-11-04,City,Executive,2,1,4,954,3816,Cancelled
JED0009,2025-01-11,2025-01-15,2025-01-17,City,Suite,4,0,2,1152,2304,Checked-out
JED0010,2025-01-30,2025-03-01,2025-03-07,Resort,Standard,2,0,6,619,3714,Checked-out
JED0011,2026-01-10,2026-01-20,2026-01-23,City,Standard,1,1,3,371,1113,Checked-out
JED0012,2025-05-03,2025-05-12,2025-05-14,Resort,Standard,3,0,2,567,1134,Checked-out
JED0013,2025-08-27,2025-09-24,2025-10-01,Resort,Standard,2,0,7,467,3269,Cancelled
JED0014,2026-01-02,2026-01-30,2026-02-07,City,Standard,2,2,8,353,2824,Checked-out
JED0015,2024-12-27,2024-12-31,2025-01-06,Resort,Standard,2,0,6,459,2754,Checked-out
JED0016,2025-10-08,2025-11-01,2025-11-07,City,Deluxe,4,0,6,747,4482,Cancelled
JED0017,2025-01-08,2025-02-01,2025-02-06,Resort,Suite,3,2,5,1619,8095,Checked-out
JED0018,2025-09-25,2025-09-30,2025-10-04,Resort,Deluxe,2,1,4,952,3808,Checked-out
JED0019,2025-03-01,2025-03-30,2025-04-01,Resort,Suite,2,0,2,1489,2978,Checked-out
JED0020,2025-02-08,2025-02-28,2025-03-03,City,Standard,4,0,3,376,1128,Checked-out
JED0021,2025-02-27,2025-03-13,2025-03-16,Resort,Family,2,0,3,906,2718,Checked-out
JED0022,2025-08-05,2025-08-08,2025-08-11,City,Executive,1,2,3,841,2523,Cancelled
JED0023,2025-06-15,2025-07-09,2025-07-14,City,Executive,2,1,5,866,4330,Checked-out
JED0024,2025-09-09,2025-09-23,2025-09-27,City,Executive,2,0,4,969,3876,Checked-out
JED0025,2025-11-18,2025-11-25,2025-11-27,City,Family,2,0,2,758,1516,Checked-out
JED0026,2025-07-21,2025-08-19,2025-08-22,City,Deluxe,2,0,3,567,1701,Checked-out
JED0027,2025-10-21,2025-11-17,2025-11-22,Resort,Standard,2,3,5,461,2305,Checked-out
JED0028,2025-04-10,2025-04-29,2025-05-01,Resort,Deluxe,1,0,2,772,1544,Checked-out
JED0029,2025-12-18,2026-01-05,2026-01-11,City,Suite,3,1,6,1070,6420,Cancelled
JED0030,2025-07-04,2025-07-21,2025-07-25,Resort,Suite,2,0,4,1677,6708,Checked-out
JED0031,2025-03-10,2025-04-04,2025-04-08,City,Deluxe,2,1,4,676,2704,Checked-out
JED0032,2026-01-03,2026-01-20,2026-01-24,Resort,Standard,2,2,4,588,2352,Checked-out
JED0033,2025-08-10,2025-08-17,2025-08-23,Resort,Deluxe,2,1,6,868,5208,Cancelled
JED0034,2024-10-22,2024-11-14,2024-11-17,City,Family,1,0,3,718,2154,Checked-out
JED0035,2025-06-10,2025-06-26,2025-07-01,Resort,Deluxe,1,1,5,774,3870,Checked-out
JED0036,2025-05-24,2025-05-28,2025-06-01,City,Deluxe,3,1,4,723,2892,Checked-out
JED0037,2025-09-10,2025-09-23,2025-09-26,City,Standard,4,0,3,433,1299,Cancelled
JED0038,2024-11-18,2024-12-09,2024-12-15,Resort,Deluxe,2,2,6,790,4740,Checked-out
JED0039,2026-01-18,2026-01-27,2026-02-01,City,Executive,1,1,5,903,4515,Checked-out
JED0040,2024-11-28,2024-12-06,2024-12-11,City,Suite,2,2,5,1095,5475,Checked-out
JED0041,2025-03-19,2025-04-18,2025-04-24,City,Suite,3,1,6,1141,6846,Checked-out
JED0042,2026-01-19,2026-01-23,2026-01-29,Resort,Deluxe,3,0,6,994,5964,Checked-out
JED0043,2025-04-06,2025-04-14,2025-04-19,City,Deluxe,1,0,5,665,3325,Checked-out
JED0044,2026-01-07,2026-01-27,2026-02-02,City,Standard,1,0,6,404,2424,Checked-out
JED0045,2025-06-28,2025-07-02,2025-07-07,Resort,Suite,3,2,5,1284,6420,Cancelled
JED0046,2025-04-08,2025-04-28,2025-05-03,Resort,Deluxe,2,1,5,762,3810,Cancelled
JED0047,2025-12-20,2026-01-06,2026-01-10,City,Deluxe,2,1,4,589,2356,Checked-out
JED0048,2025-03-24,2025-04-22,2025-04-27,City,Deluxe,1,0,5,558,2790,Checked-out
JED0049,2025-12-20,2026-01-10,2026-01-12,City,Family,2,0,2,804,1608,Checked-out
JED0050,2024-11-20,2024-11-24,2024-12-01,City,Standard,3,1,7,426,2982,Checked-out
JED0051,2025-09-29,2025-10-21,2025-10-27,City,Executive,4,0,6,801,4806,Checked-out
JED0052,2024-11-24,2024-12-21,2024-12-22,Resort,Standard,2,0,1,594,594,Checked-out
JED0053,2025-06-01,2025-06-09,2025-06-15,Resort,Deluxe,2,1,6,786,4716,Checked-out
JED0054,2025-08-16,2025-08-19,2025-08-21,Resort,Standard,1,0,2,507,1014,Checked-out
JED0055,2025-02-08,2025-03-06,2025-03-09,City,Standard,2,0,3,369,1107,Checked-out
JED0056,2025-08-03,2025-08-20,2025-08-25,Resort,Deluxe,2,0,5,843,4215,Checked-out
JED0057,2025-02-12,2025-03-14,2025-03-16,City,Standard,2,0,2,370,740,Checked-out
JED0058,2024-10-21,2024-11-15,2024-11-21,Resort,Deluxe,2,3,6,874,5244,Checked-out
JED0059,2025-08-25,2025-09-06,2025-09-12,Resort,Family,2,0,6,984,5904,Cancelled
JED0060,2025-03-16,2025-04-06,2025-04-10,City,Standard,1,0,4,458,1832,Checked-out
JED0061,2025-07-01,2025-07-20,2025-07-21,Resort,Suite,2,0,1,1287,1287,Checked-out
JED0062,2025-10-23,2025-10-30,2025-11-02,City,Deluxe,1,1,3,580,1740,Checked-out
JED0063,2024-12-28,2025-01-03,2025-01-07,Resort,Suite,2,0,4,1285,5140,Checked-out
JED0064,2025-08-12,2025-08-24,2025-09-03,City,Standard,4,1,10,415,4150,Cancelled
JED0065,2024-10-14,2024-11-09,2024-11-13,City,Standard,2,0,4,346,1384,Checked-out
JED0066,2025-05-30,2025-06-18,2025-06-21,Resort,Standard,2,0,3,594,1782,Checked-out
JED0067,2025-06-22,2025-07-04,2025-07-08,City,Standard,3,0,4,401,1604,Checked-out
JED0068,2025-09-11,2025-09-30,2025-10-04,Resort,Standard,4,2,4,544,2176,Checked-out
JED0069,2024-11-22,2024-12-22,2024-12-27,City,Suite,2,2,5,1120,5600,Cancelled
JED0070,2025-10-21,2025-11-12,2025-11-14,Resort,Executive,3,0,2,1095,2190,Checked-out
JED0071,2025-09-05,2025-10-01,2025-10-06,Resort,Executive,2,0,5,1104,5520,Checked-out
JED0072,2024-12-31,2025-01-07,2025-01-11,City,Suite,2,2,4,1040,4160,Checked-out
JED0073,2025-10-02,2025-10-06,2025-10-15,City,Standard,2,0,9,411,3699,Checked-out
JED0074,2025-12-18,2025-12-26,2025-12-29,City,Standard,2,2,3,365,1095,Checked-out
JED0075,2025-12-29,2026-01-21,2026-01-25,City,Standard,2,0,4,353,1412,Checked-out
JED0076,2025-12-02,2025-12-06,2025-12-14,City,Standard,2,2,8,456,3648,Checked-out
JED0077,2025-06-21,2025-07-06,2025-07-08,Resort,Deluxe,1,1,2,751,1502,Checked-out
JED0078,2025-12-05,2025-12-18,2025-12-26,Resort,Deluxe,2,2,8,957,7656,Cancelled
JED0079,2024-11-04,2024-11-17,2024-11-22,Resort,Deluxe,1,1,5,953,4765,Checked-out
JED0080,2025-04-24,2025-05-12,2025-05-14,Resort,Deluxe,2,0,2,824,1648,Checked-out
JED0081,2024-12-20,2025-01-02,2025-01-05,Resort,Executive,2,2,3,1082,3246,Checked-out
JED0082,2025-11-24,2025-12-15,2025-12-20,Resort,Suite,3,0,5,1327,6635,Checked-out
JED0083,2024-11-19,2024-12-06,2024-12-08,City,Standard,3,0,2,423,846,Checked-out
JED0084,2025-09-25,2025-10-22,2025-10-26,Resort,Executive,3,1,4,1267,5068,Checked-out
JED0085,2025-10-23,2025-11-17,2025-11-20,Resort,Family,2,1,3,1098,3294,Checked-out
JED0086,2024-10-02,2024-10-27,2024-10-31,City,Standard,3,2,4,452,1808,Checked-out
JED0087,2025-10-25,2025-11-12,2025-11-13,City,Deluxe,2,0,1,687,687,Checked-out
JED0088,2024-11-23,2024-12-06,2024-12-12,City,Deluxe,2,1,6,582,3492,Checked-out
JED0089,2025-01-14,2025-02-07,2025-02-16,City,Family,1,1,9,692,6228,Checked-out
JED0090,2025-06-17,2025-07-05,2025-07-14,Resort,Executive,2,0,9,1339,12051,Checked-out
JED0091,2025-08-06,2025-08-16,2025-08-21,City,Standard,2,0,5,365,1825,Cancelled
JED0092,2026-01-20,2026-01-26,2026-01-28,City,Deluxe,2,0,2,566,1132,Cancelled
JED0093,2025-04-09,2025-04-19,2025-04-24,Resort,Deluxe,3,0,5,931,4655,Checked-out
JED0094,2025-11-06,2025-11-12,2025-11-13,City,Deluxe,2,3,1,630,630,Checked-out
JED0095,2025-05-06,2025-06-01,2025-06-02,City,Standard,1,1,1,450,450,Checked-out
JED0096,2024-11-13,2024-12-10,2024-12-13,City,Executive,4,1,3,940,2820,Checked-out
JED0097,2025-03-11,2025-03-16,2025-03-20,Resort,Suite,1,3,4,1302,5208,Cancelled
JED0098,2025-04-20,2025-04-25,2025-04-30,Resort,Executive,2,0,5,1378,6890,Checked-out
JED0099,2025-12-20,2026-01-18,2026-01-23,City,Executive,2,2,5,834,4170,Checked-out
JED0100,2025-06-27,2025-07-17,2025-07-20,Resort,Suite,2,0,3,1412,4236,Checked-out
JED0101,2025-09-16,2025-10-14,2025-10-17,City,Deluxe,1,2,3,630,1890,Checked-out
JED0102,2025-07-31,2025-08-21,2025-08-31,Resort,Deluxe,1,0,10,759,7590,Checked-out
JED0103,2025-06-28,2025-07-19,2025-07-22,Resort,Standard,1,2,3,539,1617,Checked-out
JED0104,2025-12-30,2026-01-22,2026-01-26,Resort,Suite,2,0,4,1317,5268,Checked-out
JED0105,2026-01-05,2026-01-12,2026-01-14,City,Standard,2,0,2,388,776,Checked-out
JED0106,2025-05-03,2025-05-23,2025-05-28,Resort,Suite,2,1,5,1418,7090,Checked-out
JED0107,2025-06-09,2025-07-09,2025-07-14,Resort,Standard,2,0,5,584,2920,Checked-out
JED0108,2025-04-08,2025-04-20,2025-04-23,City,Standard,3,1,3,436,1308,Checked-out
JED0109,2025-07-23,2025-08-16,2025-08-18,Resort,Standard,1,0,2,483,966,Checked-out
JED0110,2025-05-01,2025-05-24,2025-05-29,City,Standard,2,1,5,383,1915,Checked-out
JED0111,2025-04-26,2025-05-04,2025-05-09,Resort,Suite,2,0,5,1428,7140,Cancelled
JED0112,2025-05-25,2025-05-28,2025-05-31,City,Suite,2,0,3,984,2952,Cancelled
JED0113,2025-09-03,2025-09-10,2025-09-18,Resort,Deluxe,2,0,8,956,7648,Cancelled
JED0114,2025-10-02,2025-10-13,2025-10-15,City,Standard,2,0,2,424,848,Checked-out
JED0115,2024-11-22,2024-12-06,2024-12-09,City,Standard,3,0,3,362,1086,Checked-out
JED0116,2025-07-07,2025-08-04,2025-08-12,City,Standard,3,0,8,384,3072,Checked-out
JED0117,2025-11-14,2025-11-30,2025-12-03,City,Standard,2,0,3,352,1056,Cancelled
JED0118,2025-05-05,2025-05-09,2025-05-13,City,Executive,3,0,4,934,3736,Cancelled
JED0119,2025-06-09,2025-06-28,2025-07-01,City,Standard,2,1,3,354,1062,Cancelled
JED0120,2025-04-06,2025-04-22,2025-04-25,City,Deluxe,2,2,3,744,2232,Checked-out
JED0121,2025-10-15,2025-11-12,2025-11-22,City,Standard,2,0,10,433,4330,Cancelled
JED0122,2024-11-10,2024-11-25,2024-11-28,City,Standard,2,1,3,386,1158,Checked-out
JED0123,2025-03-06,2025-04-04,2025-04-11,Resort,Deluxe,3,1,7,898,6286,Checked-out
JED0124,2024-10-15,2024-10-26,2024-10-29,City,Deluxe,2,0,3,730,2190,Checked-out
JED0125,2025-07-28,2025-08-25,2025-08-28,Resort,Standard,2,1,3,548,1644,Checked-out
JED0126,2024-12-04,2024-12-31,2025-01-01,Resort,Standard,4,0,1,487,487,Checked-out
JED0127,2025-09-10,2025-09-27,2025-10-02,Resort,Deluxe,1,0,5,845,4225,Checked-out
JED0128,2025-08-23,2025-09-19,2025-09-22,City,Standard,2,0,3,441,1323,Checked-out
JED0129,2024-10-09,2024-11-02,2024-11-08,Resort,Standard,1,1,6,563,3378,Checked-out
JED0130,2025-09-09,2025-09-26,2025-09-30,City,Family,3,1,4,783,3132,Cancelled
JED0131,2025-02-06,2025-03-04,2025-03-13,City,Deluxe,3,0,9,721,6489,Checked-out
JED0132,2025-02-13,2025-02-26,2025-02-28,City,Deluxe,2,0,2,726,1452,Checked-out
JED0133,2026-01-15,2026-02-02,2026-02-08,Resort,Deluxe,2,3,6,988,5928,Checked-out
JED0134,2024-12-02,2024-12-21,2024-12-26,City,Deluxe,2,0,5,570,2850,Cancelled
JED0135,2025-02-16,2025-03-16,2025-03-21,City,Deluxe,3,0,5,658,3290,Checked-out
JED0136,2024-12-20,2024-12-26,2025-01-01,Resort,Suite,2,2,6,1592,9552,Checked-out
JED0137,2025-10-27,2025-10-30,2025-11-04,Resort,Suite,2,1,5,1599,7995,Checked-out
JED0138,2025-03-12,2025-03-22,2025-03-26,City,Standard,4,1,4,412,1648,Checked-out
JED0139,2025-11-23,2025-12-12,2025-12-14,City,Deluxe,2,1,2,585,1170,Checked-out
JED0140,2025-07-16,2025-07-21,2025-07-22,Resort,Deluxe,1,2,1,955,955,Cancelled
JED0141,2025-10-14,2025-11-05,2025-11-12,City,Executive,2,0,7,959,6713,Checked-out
JED0142,2025-06-18,2025-07-05,2025-07-09,City,Deluxe,4,0,4,569,2276,Checked-out
JED0143,2025-05-19,2025-06-05,2025-06-10,City,Deluxe,2,0,5,642,3210,Cancelled
JED0144,2024-11-10,2024-12-06,2024-12-10,Resort,Standard,1,3,4,487,1948,Cancelled
JED0145,2024-10-28,2024-11-21,2024-11-23,Resort,Deluxe,2,1,2,834,1668,Checked-out
JED0146,2025-02-12,2025-02-28,2025-03-02,Resort,Standard,2,0,2,461,922,Cancelled
JED0147,2025-04-19,2025-05-17,2025-05-22,Resort,Standard,2,2,5,523,2615,Checked-out
JED0148,2025-08-24,2025-09-23,2025-09-26,City,Standard,2,0,3,405,1215,Checked-out
JED0149,2025-06-25,2025-07-20,2025-07-23,City,Suite,4,0,3,1139,3417,Checked-out
JED0150,2025-11-22,2025-12-08,2025-12-12,City,Standard,2,0,4,419,1676,Checked-out
JED0151,2024-11-02,2024-11-28,2024-11-30,City,Deluxe,2,0,2,715,1430,Checked-out
JED0152,2024-11-17,2024-11-21,2024-11-25,City,Executive,2,2,4,823,3292,Checked-out
JED0153,2025-11-11,2025-11-26,2025-11-29,Resort,Standard,1,0,3,478,1434,Checked-out
JED0154,2024-12-01,2024-12-29,2025-01-03,Resort,Deluxe,3,2,5,970,4850,Checked-out
JED0155,2025-05-04,2025-05-20,2025-05-23,Resort,Deluxe,2,1,3,787,2361,Checked-out
JED0156,2025-07-20,2025-08-18,2025-08-22,City,Standard,2,0,4,456,1824,Checked-out
JED0157,2025-01-07,2025-02-02,2025-02-03,Resort,Suite,2,3,1,1637,1637,Checked-out
JED0158,2025-03-21,2025-04-11,2025-04-13,Resort,Standard,2,0,2,540,1080,Checked-out
JED0159,2025-09-25,2025-10-04,2025-10-07,City,Deluxe,2,0,3,743,2229,Checked-out
JED0160,2025-05-02,2025-05-07,2025-05-11,Resort,Deluxe,1,0,4,771,3084,Checked-out
JED0161,2026-01-18,2026-02-04,2026-02-08,City,Deluxe,3,2,4,611,2444,Checked-out
JED0162,2024-11-04,2024-11-29,2024-12-02,City,Suite,4,0,3,1145,3435,Checked-out
JED0163,2025-12-23,2026-01-08,2026-01-13,City,Standard,2,0,5,382,1910,Checked-out
JED0164,2025-05-15,2025-05-28,2025-06-03,City,Standard,4,0,6,451,2706,Cancelled
JED0165,2025-01-09,2025-01-26,2025-01-31,City,Suite,2,0,5,956,4780,Checked-out
JED0166,2025-12-05,2026-01-04,2026-01-05,Resort,Deluxe,2,1,1,890,890,Checked-out
JED0167,2026-01-05,2026-01-20,2026-01-24,Resort,Executive,2,0,4,1248,4992,Checked-out
JED0168,2025-02-08,2025-02-28,2025-03-02,Resort,Executive,2,0,2,1270,2540,Cancelled
JED0169,2025-06-14,2025-07-12,2025-07-15,Resort,Executive,2,0,3,1125,3375,Checked-out
JED0170,2024-10-05,2024-10-13,2024-10-23,City,Deluxe,2,0,10,623,6230,Checked-out
JED0171,2025-05-06,2025-05-11,2025-05-13,Resort,Standard,1,2,2,595,1190,Checked-out
JED0172,2025-06-12,2025-07-03,2025-07-07,City,Suite,2,0,4,999,3996,Checked-out
JED0173,2025-11-02,2025-11-19,2025-11-23,City,Deluxe,2,3,4,713,2852,Checked-out
JED0174,2025-09-24,2025-10-21,2025-10-26,City,Standard,3,0,5,407,2035,Checked-out
JED0175,2025-07-10,2025-08-04,2025-08-08,City,Executive,2,0,4,970,3880,Checked-out
JED0176,2025-10-28,2025-11-04,2025-11-05,City,Executive,1,2,1,957,957,Checked-out
JED0177,2025-04-25,2025-05-25,2025-05-28,City,Deluxe,2,0,3,592,1776,Checked-out
JED0178,2024-10-15,2024-10-27,2024-10-31,City,Standard,2,1,4,408,1632,Checked-out
JED0179,2025-09-11,2025-09-20,2025-09-22,Resort,Deluxe,3,3,2,974,1948,Checked-out
JED0180,2024-11-11,2024-12-08,2024-12-11,City,Executive,2,0,3,881,2643,Checked-out
JED0181,2025-10-15,2025-11-03,2025-11-04,City,Executive,2,0,1,1025,1025,Cancelled
JED0182,2026-01-04,2026-01-13,2026-01-15,City,Standard,3,1,2,394,788,Checked-out
JED0183,2025-03-28,2025-04-21,2025-04-24,Resort,Standard,2,0,3,482,1446,Checked-out
JED0184,2024-12-02,2024-12-30,2025-01-01,City,Executive,1,0,2,870,1740,Checked-out
JED0185,2025-09-17,2025-10-01,2025-10-05,City,Deluxe,2,0,4,738,2952,Checked-out
JED0186,2025-05-19,2025-06-15,2025-06-20,City,Deluxe,4,0,5,614,3070,Checked-out
JED0187,2025-05-29,2025-06-17,2025-06-23,City,Family,2,1,6,832,4992,Checked-out
JED0188,2024-11-21,2024-12-06,2024-12-09,City,Standard,2,0,3,445,1335,Cancelled
JED0189,2025-01-04,2025-01-26,2025-01-28,City,Deluxe,1,0,2,620,1240,Checked-out
JED0190,2025-10-23,2025-11-19,2025-11-21,City,Standard,2,1,2,349,698,Checked-out
JED0191,2025-05-10,2025-05-16,2025-05-20,City,Deluxe,2,0,4,693,2772,Checked-out
JED0192,2025-11-11,2025-11-23,2025-11-28,City,Executive,2,0,5,849,4245,Checked-out
JED0193,2025-05-19,2025-05-24,2025-05-25,Resort,Deluxe,1,1,1,951,951,Checked-out
JED0194,2025-05-25,2025-06-05,2025-06-13,City,Family,4,0,8,737,5896,Checked-out
JED0195,2025-02-20,2025-03-07,2025-03-09,City,Deluxe,3,1,2,647,1294,Checked-out
JED0196,2025-03-20,2025-04-09,2025-04-13,City,Standard,2,2,4,433,1732,Cancelled
JED0197,2024-10-29,2024-11-15,2024-11-20,Resort,Standard,3,0,5,520,2600,Checked-out
JED0198,2024-11-05,2024-11-11,2024-11-17,City,Deluxe,1,0,6,638,3828,Cancelled
JED0199,2024-10-13,2024-10-30,2024-11-04,City,Deluxe,2,0,5,625,3125,Checked-out
JED0200,2025-03-09,2025-04-02,2025-04-08,Resort,Standard,2,0,6,518,3108,Checked-out
JED0201,2025-08-23,2025-08-27,2025-08-30,City,Deluxe,3,2,3,655,1965,Checked-out
JED0202,2025-04-05,2025-04-22,2025-04-28,City,Deluxe,3,2,6,710,4260,Checked-out
JED0203,2025-05-31,2025-06-10,2025-06-12,City,Suite,2,0,2,1054,2108,Cancelled
JED0204,2024-12-25,2025-01-04,2025-01-11,Resort,Suite,4,1,7,1495,10465,Checked-out
JED0205,2025-07-11,2025-07-30,2025-08-03,City,Suite,1,2,4,1156,4624,Checked-out
JED0206,2024-12-05,2024-12-19,2024-12-25,Resort,Standard,3,3,6,502,3012,Checked-out
JED0207,2025-03-19,2025-04-09,2025-04-13,Resort,Standard,4,0,4,503,2012,Checked-out
JED0208,2024-11-14,2024-11-26,2024-11-30,City,Suite,2,0,4,1243,4972,Cancelled
JED0209,2024-12-01,2024-12-12,2024-12-16,City,Deluxe,3,0,4,693,2772,Checked-out
JED0210,2025-12-15,2025-12-22,2025-12-27,City,Standard,1,3,5,409,2045,Checked-out
JED0211,2025-02-11,2025-02-19,2025-02-21,City,Executive,2,0,2,939,1878,Checked-out
JED0212,2025-07-11,2025-08-02,2025-08-04,City,Suite,2,1,2,944,1888,Cancelled
JED0213,2024-10-28,2024-11-25,2024-11-28,Resort,Deluxe,2,0,3,908,2724,Checked-out
JED0214,2025-01-16,2025-01-20,2025-01-22,Resort,Standard,4,0,2,541,1082,Checked-out
JED0215,2024-11-13,2024-12-12,2024-12-18,Resort,Suite,2,0,6,1505,9030,Checked-out
JED0216,2025-09-05,2025-10-01,2025-10-04,City,Deluxe,2,3,3,622,1866,Checked-out
JED0217,2025-07-13,2025-08-11,2025-08-20,Resort,Suite,3,0,9,1298,11682,Checked-out
JED0218,2025-12-20,2026-01-04,2026-01-07,Resort,Suite,4,1,3,1348,4044,Checked-out
JED0219,2025-08-27,2025-09-04,2025-09-06,Resort,Executive,1,0,2,1379,2758,Checked-out
JED0220,2025-02-05,2025-02-12,2025-02-17,City,Deluxe,4,0,5,632,3160,Checked-out
JED0221,2025-09-13,2025-10-10,2025-10-15,Resort,Standard,1,0,5,534,2670,Checked-out
JED0222,2026-01-16,2026-01-19,2026-01-23,City,Suite,3,0,4,952,3808,Checked-out
JED0223,2025-05-19,2025-06-11,2025-06-15,City,Deluxe,2,0,4,559,2236,Checked-out
JED0224,2025-04-08,2025-05-02,2025-05-07,City,Suite,1,0,5,1171,5855,Cancelled
JED0225,2025-05-13,2025-06-05,2025-06-08,Resort,Standard,2,0,3,546,1638,Cancelled
JED0226,2025-10-20,2025-10-28,2025-11-07,Resort,Standard,2,0,10,541,5410,Checked-out
JED0227,2025-10-12,2025-10-20,2025-10-29,City,Executive,2,3,9,830,7470,Checked-out
JED0228,2025-07-10,2025-08-04,2025-08-09,City,Suite,1,2,5,1180,5900,Checked-out
JED0229,2025-12-20,2026-01-07,2026-01-09,City,Executive,2,0,2,810,1620,Checked-out
JED0230,2025-01-29,2025-02-04,2025-02-09,City,Suite,4,1,5,997,4985,Checked-out
JED0231,2025-01-24,2025-02-06,2025-02-08,City,Deluxe,2,2,2,642,1284,Checked-out
JED0232,2026-01-04,2026-01-30,2026-01-31,City,Suite,2,0,1,1029,1029,Checked-out
JED0233,2025-05-21,2025-06-15,2025-06-18,Resort,Executive,2,2,3,1122,3366,Cancelled
JED0234,2025-06-16,2025-06-27,2025-07-01,City,Deluxe,1,2,4,678,2712,Checked-out
JED0235,2025-09-24,2025-10-19,2025-10-25,City,Deluxe,3,0,6,679,4074,Checked-out
JED0236,2025-04-16,2025-04-21,2025-04-26,City,Standard,3,0,5,438,2190,Checked-out
JED0237,2025-12-30,2026-01-20,2026-01-25,Resort,Deluxe,2,3,5,855,4275,Checked-out
JED0238,2025-11-15,2025-11-25,2025-11-28,Resort,Suite,2,0,3,1294,3882,Checked-out
JED0239,2025-02-14,2025-02-21,2025-02-24,Resort,Standard,3,0,3,503,1509,Checked-out
JED0240,2025-08-14,2025-08-20,2025-08-23,City,Standard,2,0,3,457,1371,Checked-out
JED0241,2025-03-14,2025-04-09,2025-04-19,City,Standard,3,0,10,411,4110,Checked-out
JED0242,2025-05-13,2025-05-21,2025-05-22,City,Standard,2,1,1,425,425,Cancelled
JED0243,2025-08-03,2025-08-07,2025-08-13,Resort,Standard,3,1,6,460,2760,Checked-out
JED0244,2025-05-22,2025-06-13,2025-06-17,Resort,Deluxe,2,3,4,882,3528,Checked-out
JED0245,2025-03-21,2025-04-20,2025-04-23,Resort,Executive,2,0,3,1046,3138,Checked-out
JED0246,2025-03-01,2025-03-14,2025-03-19,Resort,Deluxe,4,0,5,895,4475,Checked-out
JED0247,2026-01-06,2026-01-12,2026-01-16,Resort,Standard,2,0,4,608,2432,Checked-out
JED0248,2025-08-11,2025-08-28,2025-09-03,City,Standard,2,0,6,456,2736,Checked-out
JED0249,2025-10-09,2025-10-17,2025-10-24,Resort,Suite,2,0,7,1503,10521,Cancelled
JED0250,2025-03-09,2025-04-02,2025-04-05,City,Deluxe,2,3,3,641,1923,Cancelled
JED0251,2025-01-04,2025-01-23,2025-01-26,City,Executive,2,2,3,1020,3060,Checked-out
JED0252,2026-01-15,2026-02-10,2026-02-14,City,Suite,2,0,4,1157,4628,Cancelled
JED0253,2025-05-21,2025-05-29,2025-06-05,City,Suite,1,1,7,956,6692,Checked-out
JED0254,2025-03-29,2025-04-19,2025-04-22,City,Standard,2,0,3,395,1185,Checked-out
JED0255,2025-01-21,2025-02-17,2025-02-21,City,Suite,3,0,4,1014,4056,Checked-out
JED0256,2025-08-14,2025-08-18,2025-08-22,City,Standard,2,1,4,396,1584,Checked-out
JED0257,2025-12-16,2026-01-02,2026-01-07,City,Family,2,0,5,739,3695,Checked-out
JED0258,2024-11-21,2024-12-04,2024-12-06,City,Deluxe,2,3,2,666,1332,Checked-out
JED0259,2025-06-25,2025-07-05,2025-07-10,City,Standard,1,1,5,382,1910,Checked-out
JED0260,2025-07-22,2025-08-19,2025-08-26,City,Standard,2,0,7,359,2513,Checked-out
JED0261,2025-10-21,2025-11-11,2025-11-13,City,Standard,2,1,2,400,800,Checked-out
JED0262,2025-10-22,2025-11-06,2025-11-09,Resort,Suite,2,0,3,1632,4896,Cancelled
JED0263,2025-01-21,2025-02-04,2025-02-13,Resort,Standard,2,0,9,566,5094,Checked-out
JED0264,2025-01-09,2025-01-16,2025-01-18,Resort,Deluxe,2,0,2,834,1668,Checked-out
JED0265,2025-01-21,2025-01-29,2025-02-04,Resort,Standard,1,0,6,610,3660,Checked-out
JED0266,2025-12-14,2026-01-11,2026-01-15,City,Suite,2,1,4,1236,4944,Checked-out
JED0267,2024-12-20,2025-01-13,2025-01-16,Resort,Executive,2,0,3,1109,3327,Checked-out
JED0268,2025-04-05,2025-04-11,2025-04-17,City,Suite,2,1,6,948,5688,Checked-out
JED0269,2025-01-21,2025-02-11,2025-02-14,City,Suite,2,1,3,1179,3537,Checked-out
JED0270,2024-10-02,2024-10-24,2024-10-28,Resort,Standard,3,0,4,593,2372,Checked-out
JED0271,2025-02-07,2025-02-10,2025-02-13,City,Standard,1,2,3,456,1368,Checked-out
JED0272,2025-05-08,2025-05-30,2025-06-03,Resort,Suite,2,0,4,1658,6632,Checked-out
JED0273,2024-11-23,2024-12-12,2024-12-14,Resort,Deluxe,1,0,2,903,1806,Checked-out
JED0274,2025-09-08,2025-09-22,2025-09-25,Resort,Deluxe,1,0,3,885,2655,Checked-out
JED0275,2025-05-12,2025-05-29,2025-06-07,Resort,Standard,2,0,9,463,4167,Cancelled
JED0276,2025-05-13,2025-05-16,2025-05-19,City,Standard,2,0,3,369,1107,Checked-out
JED0277,2025-10-20,2025-11-17,2025-11-22,City,Standard,3,1,5,395,1975,Checked-out
JED0278,2025-11-07,2025-11-23,2025-11-26,City,Executive,2,0,3,934,2802,Checked-out
JED0279,2025-02-03,2025-02-11,2025-02-16,City,Standard,4,0,5,406,2030,Checked-out
JED0280,2025-02-07,2025-02-14,2025-02-16,Resort,Deluxe,1,3,2,941,1882,Cancelled
JED0281,2024-11-22,2024-12-05,2024-12-14,Resort,Standard,1,1,9,504,4536,Checked-out
JED0282,2025-03-21,2025-03-27,2025-03-31,Resort,Suite,1,2,4,1513,6052,Checked-out
JED0283,2025-05-06,2025-05-21,2025-05-24,City,Standard,2,0,3,350,1050,Checked-out
JED0284,2025-03-09,2025-03-22,2025-03-24,City,Executive,2,1,2,876,1752,Checked-out
JED0285,2025-04-16,2025-04-21,2025-04-23,City,Executive,2,2,2,967,1934,Checked-out
JED0286,2025-11-20,2025-11-23,2025-11-27,City,Standard,1,1,4,423,1692,Checked-out
JED0287,2025-06-04,2025-06-12,2025-06-15,Resort,Executive,4,1,3,1393,4179,Checked-out
JED0288,2025-08-20,2025-09-09,2025-09-15,City,Family,3,0,6,700,4200,Checked-out
JED0289,2025-12-13,2026-01-08,2026-01-11,City,Executive,2,0,3,899,2697,Checked-out
JED0290,2025-04-21,2025-05-03,2025-05-06,City,Executive,1,0,3,853,2559,Cancelled
JED0291,2025-04-02,2025-04-09,2025-04-13,Resort,Standard,2,0,4,530,2120,Checked-out
JED0292,2025-01-31,2025-02-25,2025-03-02,Resort,Deluxe,1,2,5,971,4855,Checked-out
JED0293,2025-11-05,2025-11-17,2025-11-19,City,Standard,1,0,2,422,844,Checked-out
JED0294,2025-06-12,2025-06-26,2025-06-28,City,Standard,2,3,2,445,890,Checked-out
JED0295,2025-07-21,2025-07-25,2025-07-26,City,Family,2,3,1,683,683,Checked-out
JED0296,2025-07-07,2025-07-22,2025-07-27,City,Standard,2,0,5,444,2220,Checked-out
JED0297,2025-08-21,2025-08-31,2025-09-05,Resort,Suite,4,0,5,1288,6440,Checked-out
JED0298,2025-10-07,2025-10-11,2025-10-15,Resort,Executive,2,2,4,1356,5424,Checked-out
JED0299,2025-01-06,2025-01-28,2025-02-03,City,Executive,4,3,6,853,5118,Checked-out
JED0300,2025-04-16,2025-04-19,2025-04-25,City,Family,1,0,6,708,4248,Cancelled
JED0301,2026-01-13,2026-01-20,2026-01-24,Resort,Standard,2,0,4,541,2164,Checked-out
JED0302,2025-10-30,2025-11-10,2025-11-16,City,Standard,2,0,6,452,2712,Checked-out
JED0303,2025-05-28,2025-06-16,2025-06-19,Resort,Deluxe,1,1,3,758,2274,Checked-out
JED0304,2025-02-21,2025-03-04,2025-03-06,City,Standard,1,0,2,382,764,Checked-out
JED0305,2025-01-05,2025-01-18,2025-01-21,City,Standard,2,1,3,442,1326,Checked-out
JED0306,2025-04-19,2025-05-06,2025-05-08,City,Deluxe,2,0,2,629,1258,Checked-out
JED0307,2025-02-01,2025-02-27,2025-03-03,City,Suite,2,0,4,1000,4000,Checked-out
JED0308,2025-04-05,2025-04-13,2025-04-21,Resort,Deluxe,2,0,8,857,6856,Checked-out
JED0309,2025-08-22,2025-09-16,2025-09-17,City,Standard,2,0,1,386,386,Checked-out
JED0310,2026-01-07,2026-01-12,2026-01-14,City,Suite,1,0,2,1237,2474,Checked-out
JED0311,2025-09-14,2025-10-03,2025-10-07,City,Standard,2,0,4,431,1724,Checked-out
JED0312,2025-06-16,2025-06-23,2025-07-01,City,Standard,2,0,8,400,3200,Checked-out
JED0313,2025-02-25,2025-03-27,2025-03-30,City,Suite,1,0,3,1261,3783,Checked-out
JED0314,2025-06-09,2025-06-23,2025-06-27,City,Deluxe,4,0,4,643,2572,Checked-out
JED0315,2025-12-17,2026-01-06,2026-01-07,Resort,Suite,2,3,1,1288,1288,Checked-out
JED0316,2025-11-24,2025-12-10,2025-12-12,City,Standard,3,0,2,371,742,Checked-out
JED0317,2025-11-07,2025-11-30,2025-12-10,City,Executive,2,0,10,882,8820,Checked-out
JED0318,2025-09-11,2025-10-07,2025-10-16,Resort,Deluxe,2,1,9,787,7083,Checked-out
JED0319,2025-12-25,2026-01-07,2026-01-08,City,Deluxe,2,3,1,737,737,Checked-out
JED0320,2025-02-24,2025-03-07,2025-03-15,Resort,Deluxe,1,0,8,947,7576,Checked-out
JED0321,2025-02-25,2025-03-01,2025-03-05,City,Executive,2,1,4,837,3348,Checked-out
JED0322,2025-09-17,2025-10-01,2025-10-07,Resort,Deluxe,3,1,6,901,5406,Checked-out
JED0323,2025-04-17,2025-04-22,2025-04-26,Resort,Deluxe,2,1,4,935,3740,Checked-out
JED0324,2025-08-04,2025-08-09,2025-08-13,Resort,Family,2,0,4,1146,4584,Checked-out
JED0325,2025-11-21,2025-11-24,2025-11-28,Resort,Suite,2,1,4,1655,6620,Checked-out
JED0326,2025-11-28,2025-12-08,2025-12-13,City,Deluxe,4,0,5,652,3260,Checked-out
JED0327,2025-02-05,2025-03-01,2025-03-03,Resort,Suite,1,1,2,1607,3214,Checked-out
JED0328,2024-11-08,2024-12-08,2024-12-09,City,Deluxe,2,1,1,662,662,Cancelled
JED0329,2025-09-03,2025-09-13,2025-09-16,City,Standard,2,0,3,406,1218,Checked-out
JED0330,2025-09-25,2025-10-08,2025-10-13,City,Deluxe,3,2,5,574,2870,Checked-out
JED0331,2025-02-06,2025-02-17,2025-02-20,City,Family,4,0,3,665,1995,Checked-out
JED0332,2025-06-24,2025-07-01,2025-07-06,City,Family,2,2,5,756,3780,Checked-out
JED0333,2026-01-19,2026-02-04,2026-02-13,City,Standard,3,0,9,372,3348,Checked-out
JED0334,2025-12-15,2026-01-14,2026-01-16,City,Deluxe,3,0,2,556,1112,Checked-out
JED0335,2026-01-16,2026-01-21,2026-01-26,Resort,Standard,2,0,5,576,2880,Checked-out
JED0336,2025-12-08,2025-12-31,2026-01-03,Resort,Family,2,3,3,870,2610,Checked-out
JED0337,2025-02-28,2025-03-07,2025-03-13,City,Family,2,0,6,771,4626,Checked-out
JED0338,2025-11-19,2025-11-26,2025-11-28,City,Deluxe,4,0,2,657,1314,Checked-out
JED0339,2026-01-21,2026-02-11,2026-02-16,City,Executive,2,0,5,1026,5130,Checked-out
JED0340,2025-07-25,2025-08-23,2025-08-29,City,Suite,3,1,6,1094,6564,Checked-out
JED0341,2025-01-07,2025-01-23,2025-01-31,City,Deluxe,2,0,8,564,4512,Checked-out
JED0342,2025-06-20,2025-07-18,2025-07-23,City,Standard,3,0,5,406,2030,Checked-out
JED0343,2025-06-09,2025-06-15,2025-06-19,City,Deluxe,2,0,4,716,2864,Checked-out
JED0344,2025-02-21,2025-03-20,2025-03-24,Resort,Suite,2,0,4,1706,6824,Checked-out
JED0345,2025-09-11,2025-09-26,2025-10-02,City,Suite,3,0,6,1077,6462,Checked-out
JED0346,2025-01-20,2025-02-01,2025-02-05,City,Deluxe,3,0,4,614,2456,Checked-out
JED0347,2024-11-29,2024-12-26,2024-12-27,City,Family,3,1,1,841,841,Cancelled
JED0348,2025-10-04,2025-10-24,2025-11-01,City,Standard,1,0,8,362,2896,Cancelled
JED0349,2024-10-02,2024-10-12,2024-10-17,City,Deluxe,2,0,5,672,3360,Checked-out
JED0350,2025-10-20,2025-10-30,2025-11-04,Resort,Suite,1,0,5,1442,7210,Checked-out
JED0351,2025-07-31,2025-08-09,2025-08-12,City,Suite,2,3,3,948,2844,Checked-out
JED0352,2025-06-11,2025-06-21,2025-06-26,City,Deluxe,2,3,5,620,3100,Checked-out
JED0353,2025-02-17,2025-03-05,2025-03-08,Resort,Standard,2,2,3,501,1503,Checked-out
JED0354,2025-12-27,2026-01-17,2026-01-22,Resort,Standard,2,0,5,570,2850,Checked-out
JED0355,2024-11-06,2024-11-14,2024-11-16,Resort,Deluxe,4,0,2,995,1990,Cancelled
JED0356,2025-03-09,2025-03-12,2025-03-17,City,Deluxe,1,0,5,604,3020,Checked-out
JED0357,2024-10-09,2024-11-03,2024-11-13,Resort,Standard,2,0,10,590,5900,Checked-out
JED0358,2025-05-21,2025-06-07,2025-06-08,City,Suite,2,0,1,953,953,Checked-out
JED0359,2025-01-07,2025-01-10,2025-01-19,City,Deluxe,1,1,9,657,5913,Checked-out
JED0360,2025-02-24,2025-03-23,2025-03-26,City,Suite,2,2,3,958,2874,Checked-out
JED0361,2025-07-31,2025-08-19,2025-08-25,City,Executive,4,2,6,1017,6102,Checked-out
JED0362,2025-04-26,2025-04-29,2025-05-04,City,Standard,3,0,5,431,2155,Checked-out
JED0363,2025-02-08,2025-02-25,2025-03-01,City,Standard,4,1,4,418,1672,Checked-out
JED0364,2025-11-08,2025-12-03,2025-12-08,Resort,Suite,4,0,5,1629,8145,Checked-out
JED0365,2025-03-01,2025-03-05,2025-03-11,Resort,Deluxe,2,0,6,916,5496,Cancelled
JED0366,2024-11-23,2024-12-09,2024-12-12,Resort,Suite,2,1,3,1693,5079,Checked-out
JED0367,2025-01-28,2025-02-20,2025-02-23,City,Executive,2,0,3,957,2871,Checked-out
JED0368,2025-03-10,2025-03-20,2025-03-25,Resort,Executive,2,0,5,1369,6845,Checked-out
JED0369,2025-11-12,2025-11-22,2025-11-28,City,Family,2,0,6,753,4518,Checked-out
JED0370,2025-01-24,2025-02-14,2025-02-19,Resort,Deluxe,2,1,5,776,3880,Checked-out
JED0371,2024-12-14,2024-12-23,2024-12-28,City,Deluxe,2,1,5,655,3275,Cancelled
JED0372,2025-01-21,2025-02-11,2025-02-14,Resort,Deluxe,2,0,3,779,2337,Checked-out
JED0373,2025-12-30,2026-01-07,2026-01-13,City,Standard,2,2,6,411,2466,Checked-out
JED0374,2025-11-24,2025-12-02,2025-12-04,Resort,Deluxe,2,0,2,872,1744,Checked-out
JED0375,2025-11-26,2025-12-01,2025-12-05,Resort,Standard,2,0,4,559,2236,Checked-out
JED0376,2025-01-12,2025-01-21,2025-01-22,City,Family,2,1,1,639,639,Checked-out
JED0377,2025-09-05,2025-09-26,2025-09-29,City,Deluxe,2,1,3,590,1770,Checked-out
JED0378,2025-06-11,2025-06-21,2025-06-24,Resort,Deluxe,3,3,3,875,2625,Checked-out
JED0379,2025-05-15,2025-05-27,2025-05-30,City,Deluxe,1,0,3,737,2211,Checked-out
JED0380,2025-01-20,2025-02-11,2025-02-16,Resort,Standard,2,1,5,521,2605,Cancelled
JED0381,2026-01-16,2026-02-02,2026-02-05,City,Standard,3,1,3,390,1170,Checked-out
JED0382,2025-01-07,2025-01-24,2025-01-27,City,Deluxe,2,2,3,691,2073,Checked-out
JED0383,2025-03-02,2025-03-05,2025-03-08,City,Standard,2,0,3,412,1236,Checked-out
JED0384,2025-09-14,2025-10-06,2025-10-09,City,Deluxe,2,1,3,610,1830,Checked-out
JED0385,2025-11-06,2025-11-15,2025-11-18,Resort,Executive,2,1,3,1182,3546,Checked-out
JED0386,2025-10-19,2025-11-17,2025-11-19,City,Executive,3,0,2,823,1646,Checked-out
JED0387,2025-10-01,2025-10-07,2025-10-11,City,Suite,3,0,4,1253,5012,Cancelled
JED0388,2025-09-03,2025-09-11,2025-09-16,City,Standard,2,0,5,355,1775,Checked-out
JED0389,2025-04-12,2025-05-09,2025-05-13,City,Executive,2,1,4,865,3460,Checked-out
JED0390,2025-08-06,2025-08-09,2025-08-13,Resort,Executive,1,2,4,1042,4168,Cancelled
JED0391,2025-03-12,2025-03-19,2025-03-22,Resort,Standard,2,1,3,494,1482,Checked-out
JED0392,2025-04-26,2025-05-25,2025-05-31,City,Suite,2,1,6,1192,7152,Checked-out
JED0393,2025-12-19,2026-01-13,2026-01-17,Resort,Standard,2,0,4,491,1964,Checked-out
JED0394,2025-03-18,2025-03-21,2025-03-25,Resort,Executive,2,0,4,1061,4244,Checked-out
JED0395,2025-03-10,2025-03-16,2025-03-17,City,Family,2,0,1,744,744,Checked-out
JED0396,2024-12-07,2024-12-31,2025-01-03,Resort,Standard,1,0,3,460,1380,Checked-out
JED0397,2025-07-16,2025-07-20,2025-07-23,City,Executive,2,0,3,787,2361,Checked-out
JED0398,2025-11-02,2025-11-14,2025-11-17,City,Deluxe,2,0,3,709,2127,Cancelled
JED0399,2025-07-04,2025-07-11,2025-07-15,Resort,Family,3,0,4,1094,4376,Checked-out
JED0400,2025-07-31,2025-08-29,2025-09-02,City,Deluxe,1,0,4,730,2920,Checked-out
JED0401,2025-11-08,2025-11-20,2025-11-24,Resort,Executive,2,0,4,1344,5376,Checked-out
JED0402,2025-10-19,2025-10-22,2025-10-27,Resort,Standard,4,0,5,569,2845,Cancelled
JED0403,2025-10-27,2025-11-20,2025-11-26,City,Standard,2,0,6,346,2076,Checked-out
JED0404,2025-02-12,2025-02-20,2025-02-25,Resort,Standard,2,2,5,585,2925,Cancelled
JED0405,2025-04-13,2025-04-28,2025-05-06,City,Family,1,2,8,827,6616,Checked-out
JED0406,2025-11-05,2025-11-22,2025-11-23,City,Executive,2,1,1,980,980,Checked-out
JED0407,2025-02-05,2025-02-11,2025-02-13,Resort,Executive,2,0,2,1218,2436,Checked-out
JED0408,2024-11-02,2024-11-17,2024-11-18,Resort,Family,2,1,1,931,931,Checked-out
JED0409,2025-03-25,2025-04-20,2025-04-24,City,Standard,2,2,4,441,1764,Checked-out
JED0410,2026-01-03,2026-01-25,2026-02-01,City,Deluxe,3,1,7,694,4858,Checked-out
JED0411,2025-12-17,2026-01-12,2026-01-15,Resort,Standard,2,0,3,617,1851,Checked-out
JED0412,2025-10-06,2025-10-23,2025-10-30,Resort,Standard,1,1,7,484,3388,Checked-out
JED0413,2026-01-13,2026-01-23,2026-01-25,Resort,Standard,3,2,2,495,990,Checked-out
JED0414,2025-10-10,2025-10-17,2025-10-25,City,Deluxe,2,1,8,593,4744,Checked-out
JED0415,2024-10-22,2024-11-08,2024-11-11,City,Standard,3,1,3,435,1305,Checked-out
JED0416,2025-05-26,2025-06-01,2025-06-03,City,Standard,2,0,2,362,724,Checked-out
JED0417,2025-03-07,2025-03-21,2025-03-25,Resort,Standard,3,0,4,469,1876,Checked-out
JED0418,2024-11-07,2024-11-22,2024-11-25,City,Standard,2,0,3,459,1377,Checked-out
JED0419,2025-05-18,2025-05-22,2025-05-25,City,Family,3,1,3,643,1929,Checked-out
JED0420,2025-09-30,2025-10-29,2025-11-01,Resort,Suite,4,0,3,1634,4902,Checked-out
JED0421,2024-11-20,2024-12-11,2024-12-17,City,Family,2,0,6,719,4314,Checked-out
JED0422,2025-12-12,2026-01-02,2026-01-06,Resort,Deluxe,2,0,4,967,3868,Checked-out
JED0423,2025-06-21,2025-06-27,2025-06-30,Resort,Standard,2,0,3,548,1644,Checked-out
JED0424,2025-07-10,2025-07-16,2025-07-20,Resort,Suite,2,0,4,1663,6652,Checked-out
JED0425,2024-10-27,2024-11-24,2024-11-29,City,Standard,2,1,5,451,2255,Checked-out
JED0426,2025-05-14,2025-05-27,2025-05-30,City,Standard,2,1,3,341,1023,Checked-out
JED0427,2025-07-04,2025-08-02,2025-08-05,Resort,Standard,2,0,3,471,1413,Checked-out
JED0428,2025-07-13,2025-07-20,2025-07-22,Resort,Standard,2,0,2,499,998,Checked-out
JED0429,2025-01-05,2025-01-27,2025-01-29,Resort,Standard,2,0,2,567,1134,Checked-out
JED0430,2025-07-11,2025-07-24,2025-07-29,City,Deluxe,2,2,5,725,3625,Checked-out
JED0431,2025-10-02,2025-10-14,2025-10-16,Resort,Suite,1,0,2,1467,2934,Checked-out
JED0432,2025-12-22,2026-01-01,2026-01-05,Resort,Standard,1,0,4,557,2228,Checked-out
JED0433,2025-12-27,2026-01-04,2026-01-09,Resort,Standard,2,0,5,489,2445,Checked-out
JED0434,2025-08-13,2025-08-21,2025-08-23,Resort,Executive,2,1,2,1326,2652,Checked-out
JED0435,2025-07-31,2025-08-10,2025-08-14,Resort,Standard,2,2,4,615,2460,Checked-out
JED0436,2025-02-24,2025-03-21,2025-03-24,Resort,Standard,2,2,3,502,1506,Cancelled
JED0437,2024-10-04,2024-10-21,2024-10-30,City,Executive,2,1,9,898,8082,Checked-out
JED0438,2024-11-04,2024-12-02,2024-12-06,City,Standard,3,0,4,350,1400,Checked-out
JED0439,2025-04-10,2025-04-26,2025-05-02,City,Standard,1,0,6,407,2442,Checked-out
JED0440,2024-11-18,2024-12-01,2024-12-05,City,Deluxe,2,0,4,650,2600,Checked-out
JED0441,2024-10-17,2024-10-31,2024-11-01,City,Standard,2,0,1,357,357,Checked-out
JED0442,2025-03-21,2025-04-18,2025-04-22,City,Deluxe,3,0,4,638,2552,Checked-out
JED0443,2025-05-08,2025-05-23,2025-05-31,City,Executive,4,0,8,855,6840,Cancelled
JED0444,2025-03-07,2025-03-17,2025-03-21,City,Standard,1,0,4,402,1608,Checked-out
JED0445,2026-01-20,2026-02-09,2026-02-15,Resort,Deluxe,2,2,6,900,5400,Checked-out
JED0446,2024-11-15,2024-12-12,2024-12-19,Resort,Deluxe,3,1,7,748,5236,Checked-out
JED0447,2025-10-08,2025-10-11,2025-10-14,City,Standard,2,2,3,431,1293,Checked-out
JED0448,2024-10-06,2024-10-23,2024-10-26,Resort,Deluxe,2,1,3,933,2799,Checked-out
JED0449,2025-01-07,2025-01-17,2025-01-21,City,Standard,2,0,4,383,1532,Checked-out
JED0450,2025-10-15,2025-11-14,2025-11-17,City,Deluxe,2,1,3,562,1686,Checked-out
JED0451,2025-05-21,2025-06-03,2025-06-09,City,Standard,4,0,6,430,2580,Checked-out
JED0452,2024-11-06,2024-11-20,2024-11-27,City,Deluxe,4,1,7,738,5166,Checked-out
JED0453,2025-07-07,2025-07-21,2025-07-24,Resort,Standard,3,0,3,497,1491,Checked-out
JED0454,2025-09-14,2025-09-20,2025-09-23,Resort,Executive,2,3,3,1150,3450,Checked-out
JED0455,2025-07-29,2025-08-16,2025-08-21,City,Standard,3,0,5,362,1810,Checked-out
JED0456,2025-03-30,2025-04-05,2025-04-08,City,Deluxe,1,0,3,665,1995,Checked-out
JED0457,2025-01-03,2025-01-10,2025-01-16,City,Deluxe,2,2,6,582,3492,Checked-out
JED0458,2025-01-07,2025-02-02,2025-02-05,City,Suite,3,0,3,1052,3156,Cancelled
JED0459,2025-04-06,2025-04-13,2025-04-18,City,Deluxe,2,1,5,688,3440,Cancelled
JED0460,2025-01-24,2025-02-03,2025-02-05,City,Suite,2,1,2,1119,2238,Checked-out
JED0461,2025-04-09,2025-04-21,2025-04-25,Resort,Suite,1,2,4,1434,5736,Checked-out
JED0462,2025-06-10,2025-06-29,2025-07-03,Resort,Executive,3,3,4,1185,4740,Checked-out
JED0463,2026-01-12,2026-02-11,2026-02-15,City,Standard,2,3,4,407,1628,Checked-out
JED0464,2025-11-20,2025-12-18,2025-12-20,Resort,Deluxe,2,0,2,747,1494,Checked-out
JED0465,2026-01-14,2026-01-25,2026-01-30,City,Executive,2,2,5,786,3930,Checked-out
JED0466,2025-03-10,2025-04-03,2025-04-09,City,Family,3,1,6,835,5010,Checked-out
JED0467,2025-06-13,2025-07-04,2025-07-07,City,Executive,3,1,3,786,2358,Checked-out
JED0468,2025-08-19,2025-09-04,2025-09-06,Resort,Deluxe,2,0,2,931,1862,Checked-out
JED0469,2025-02-05,2025-02-15,2025-02-16,Resort,Standard,2,1,1,608,608,Checked-out
JED0470,2024-10-18,2024-10-29,2024-11-02,Resort,Deluxe,2,3,4,817,3268,Checked-out
JED0471,2025-07-08,2025-08-01,2025-08-05,City,Suite,4,2,4,1057,4228,Cancelled
JED0472,2025-05-11,2025-05-24,2025-05-28,Resort,Deluxe,2,0,4,895,3580,Checked-out
JED0473,2024-11-23,2024-12-18,2024-12-21,City,Deluxe,4,0,3,724,2172,Checked-out
JED0474,2024-11-27,2024-11-30,2024-12-03,Resort,Executive,2,0,3,1376,4128,Checked-out
JED0475,2025-08-19,2025-09-04,2025-09-08,City,Deluxe,3,2,4,696,2784,Checked-out
JED0476,2025-09-25,2025-10-02,2025-10-06,City,Executive,3,1,4,788,3152,Checked-out
JED0477,2025-03-23,2025-04-15,2025-04-25,City,Deluxe,2,0,10,682,6820,Checked-out
JED0478,2025-07-07,2025-08-04,2025-08-06,Resort,Standard,4,0,2,525,1050,Checked-out
JED0479,2025-01-22,2025-02-07,2025-02-12,City,Deluxe,2,0,5,644,3220,Checked-out
JED0480,2025-07-15,2025-07-21,2025-07-24,Resort,Suite,1,0,3,1284,3852,Checked-out
JED0481,2025-12-05,2025-12-29,2026-01-01,City,Standard,2,2,3,362,1086,Checked-out
JED0482,2025-09-07,2025-10-02,2025-10-07,Resort,Standard,3,1,5,587,2935,Checked-out
JED0483,2025-02-28,2025-03-27,2025-04-01,Resort,Family,2,0,5,998,4990,Checked-out
JED0484,2025-12-24,2025-12-27,2026-01-06,Resort,Standard,2,0,10,507,5070,Checked-out
JED0485,2025-02-04,2025-02-28,2025-03-02,City,Deluxe,2,0,2,627,1254,Checked-out
JED0486,2025-03-04,2025-03-29,2025-03-31,City,Deluxe,2,3,2,719,1438,Cancelled
JED0487,2025-10-21,2025-11-11,2025-11-16,City,Deluxe,2,0,5,698,3490,Checked-out
JED0488,2026-01-17,2026-01-27,2026-01-31,Resort,Deluxe,2,0,4,817,3268,Cancelled
JED0489,2025-06-30,2025-07-17,2025-07-20,City,Standard,3,0,3,354,1062,Checked-out
JED0490,2025-01-12,2025-02-04,2025-02-06,City,Deluxe,2,1,2,601,1202,Checked-out
JED0491,2025-11-21,2025-12-08,2025-12-10,City,Deluxe,2,1,2,732,1464,Cancelled
JED0492,2025-10-28,2025-11-08,2025-11-15,City,Suite,2,1,7,1126,7882,Checked-out
JED0493,2025-07-26,2025-08-18,2025-08-20,Resort,Standard,2,0,2,545,1090,Checked-out
JED0494,2025-06-03,2025-06-14,2025-06-17,City,Deluxe,3,0,3,668,2004,Checked-out
JED0495,2025-03-25,2025-04-06,2025-04-09,Resort,Standard,4,0,3,518,1554,Checked-out
JED0496,2024-11-08,2024-11-30,2024-12-03,City,Standard,2,1,3,436,1308,Cancelled
JED0497,2026-01-20,2026-02-16,2026-02-18,City,Standard,3,0,2,402,804,Checked-out
JED0498,2025-03-19,2025-04-11,2025-04-15,City,Standard,3,1,4,354,1416,Checked-out
JED0499,2025-06-04,2025-07-02,2025-07-04,City,Executive,3,2,2,799,1598,Checked-out
JED0500,2024-10-26,2024-11-06,2024-11-12,City,Standard,2,2,6,404,2424,Checked-out
JED0501,2025-09-20,2025-09-25,2025-09-28,Resort,Family,4,0,3,1145,3435,Checked-out
JED0502,2025-08-02,2025-08-24,2025-08-28,City,Family,2,0,4,706,2824,Checked-out
JED0503,2025-11-13,2025-12-10,2025-12-17,Resort,Deluxe,2,0,7,974,6818,Checked-out
JED0504,2025-11-12,2025-12-10,2025-12-15,City,Standard,1,1,5,431,2155,Checked-out
JED0505,2024-10-13,2024-10-26,2024-10-30,City,Deluxe,2,2,4,600,2400,Cancelled
JED0506,2025-08-12,2025-08-20,2025-08-23,Resort,Suite,1,0,3,1278,3834,Checked-out
JED0507,2025-10-26,2025-10-30,2025-11-02,City,Deluxe,2,0,3,572,1716,Checked-out
JED0508,2025-08-09,2025-08-18,2025-08-23,City,Standard,2,2,5,427,2135,Checked-out
JED0509,2024-11-05,2024-11-25,2024-12-05,City,Deluxe,3,2,10,591,5910,Checked-out
JED0510,2025-03-22,2025-04-20,2025-04-25,City,Executive,3,0,5,865,4325,Checked-out
JED0511,2024-10-20,2024-10-24,2024-10-28,Resort,Suite,2,1,4,1485,5940,Cancelled
JED0512,2025-08-17,2025-09-15,2025-09-20,City,Standard,3,0,5,427,2135,Checked-out
JED0513,2025-06-21,2025-07-10,2025-07-14,Resort,Suite,3,0,4,1312,5248,Cancelled
JED0514,2025-11-04,2025-11-17,2025-11-19,Resort,Standard,3,2,2,524,1048,Checked-out
JED0515,2025-02-19,2025-03-20,2025-03-24,City,Standard,1,2,4,398,1592,Checked-out
JED0516,2026-01-03,2026-01-17,2026-01-25,Resort,Executive,2,1,8,1229,9832,Checked-out
JED0517,2025-10-06,2025-11-04,2025-11-06,City,Standard,4,0,2,438,876,Checked-out
JED0518,2026-01-14,2026-02-04,2026-02-09,Resort,Standard,2,2,5,486,2430,Checked-out
JED0519,2025-02-20,2025-03-16,2025-03-19,City,Standard,2,0,3,436,1308,Cancelled
JED0520,2024-12-31,2025-01-26,2025-01-30,Resort,Executive,2,0,4,1285,5140,Checked-out
JED0521,2025-09-19,2025-10-16,2025-10-18,City,Suite,2,0,2,1118,2236,Cancelled
JED0522,2025-08-18,2025-08-27,2025-08-31,City,Deluxe,2,0,4,688,2752,Checked-out
JED0523,2025-07-15,2025-08-06,2025-08-11,Resort,Suite,1,1,5,1445,7225,Checked-out
JED0524,2025-05-03,2025-05-11,2025-05-14,Resort,Standard,2,1,3,481,1443,Checked-out
JED0525,2025-12-21,2026-01-13,2026-01-18,City,Deluxe,3,0,5,682,3410,Checked-out
JED0526,2025-09-07,2025-10-03,2025-10-08,City,Deluxe,3,0,5,654,3270,Cancelled
JED0527,2024-11-20,2024-11-23,2024-11-30,Resort,Standard,1,0,7,562,3934,Checked-out
JED0528,2025-03-02,2025-03-21,2025-03-24,Resort,Deluxe,4,0,3,834,2502,Checked-out
JED0529,2025-04-04,2025-04-17,2025-04-20,Resort,Family,2,1,3,1136,3408,Checked-out
JED0530,2024-12-02,2024-12-26,2024-12-28,Resort,Standard,2,2,2,554,1108,Checked-out
JED0531,2025-04-08,2025-05-06,2025-05-16,Resort,Standard,3,0,10,472,4720,Checked-out
JED0532,2025-02-02,2025-03-04,2025-03-11,Resort,Standard,3,0,7,531,3717,Checked-out
JED0533,2025-02-27,2025-03-19,2025-03-23,City,Standard,4,1,4,430,1720,Checked-out
JED0534,2025-08-10,2025-09-02,2025-09-08,City,Executive,2,2,6,979,5874,Checked-out
JED0535,2024-11-27,2024-12-16,2024-12-20,Resort,Deluxe,3,0,4,876,3504,Checked-out
JED0536,2025-09-07,2025-09-16,2025-09-20,Resort,Deluxe,1,0,4,981,3924,Checked-out
JED0537,2025-08-01,2025-08-20,2025-08-22,City,Suite,3,1,2,1023,2046,Checked-out
JED0538,2025-03-29,2025-04-20,2025-04-25,City,Standard,3,0,5,389,1945,Checked-out
JED0539,2025-03-19,2025-03-30,2025-04-01,Resort,Deluxe,2,0,2,982,1964,Checked-out
JED0540,2025-08-22,2025-09-10,2025-09-16,City,Deluxe,2,1,6,727,4362,Checked-out
JED0541,2025-06-28,2025-07-20,2025-07-25,City,Deluxe,3,1,5,686,3430,Checked-out
JED0542,2024-11-23,2024-12-17,2024-12-22,City,Family,2,1,5,830,4150,Checked-out
JED0543,2025-12-18,2026-01-11,2026-01-12,City,Suite,1,1,1,964,964,Checked-out
JED0544,2025-01-09,2025-02-08,2025-02-11,City,Deluxe,3,1,3,721,2163,Checked-out
JED0545,2025-06-21,2025-07-01,2025-07-04,City,Executive,2,0,3,851,2553,Checked-out
JED0546,2024-11-22,2024-12-11,2024-12-14,City,Standard,3,0,3,361,1083,Checked-out
JED0547,2024-11-29,2024-12-08,2024-12-10,Resort,Standard,2,0,2,497,994,Checked-out
JED0548,2025-01-16,2025-01-19,2025-01-27,City,Standard,2,0,8,390,3120,Checked-out
JED0549,2024-10-05,2024-10-20,2024-10-24,Resort,Standard,3,1,4,499,1996,Checked-out
JED0550,2025-01-11,2025-02-05,2025-02-08,Resort,Deluxe,2,2,3,830,2490,Checked-out
JED0551,2025-04-14,2025-05-05,2025-05-08,City,Deluxe,2,3,3,578,1734,Checked-out
JED0552,2025-06-19,2025-07-18,2025-07-21,Resort,Executive,3,1,3,1140,3420,Checked-out
JED0553,2025-09-30,2025-10-26,2025-10-30,City,Deluxe,2,0,4,664,2656,Checked-out
JED0554,2026-01-23,2026-02-13,2026-02-17,Resort,Deluxe,2,0,4,862,3448,Checked-out
JED0555,2025-10-07,2025-10-26,2025-11-02,City,Standard,2,2,7,381,2667,Checked-out
JED0556,2025-09-15,2025-09-30,2025-10-04,Resort,Standard,3,1,4,579,2316,Checked-out
JED0557,2024-11-16,2024-12-04,2024-12-14,Resort,Deluxe,3,1,10,981,9810,Checked-out
JED0558,2025-09-20,2025-09-30,2025-10-06,City,Deluxe,3,1,6,700,4200,Checked-out
JED0559,2025-08-07,2025-08-28,2025-08-31,City,Executive,1,1,3,854,2562,Checked-out
JED0560,2025-11-28,2025-12-18,2025-12-26,Resort,Standard,3,2,8,579,4632,Checked-out
JED0561,2025-08-04,2025-08-07,2025-08-09,Resort,Standard,2,0,2,483,966,Cancelled
JED0562,2025-02-21,2025-03-09,2025-03-15,City,Deluxe,2,1,6,577,3462,Checked-out
JED0563,2025-06-26,2025-07-17,2025-07-20,Resort,Standard,2,2,3,514,1542,Checked-out
JED0564,2025-10-05,2025-10-22,2025-10-28,City,Standard,3,0,6,436,2616,Checked-out
JED0565,2025-02-01,2025-02-21,2025-02-27,Resort,Suite,3,1,6,1371,8226,Cancelled
JED0566,2025-01-14,2025-01-18,2025-01-24,City,Standard,1,0,6,347,2082,Checked-out
JED0567,2025-03-07,2025-03-31,2025-04-05,Resort,Deluxe,2,3,5,780,3900,Checked-out
JED0568,2025-02-24,2025-03-26,2025-03-29,City,Standard,3,0,3,443,1329,Checked-out
JED0569,2025-02-22,2025-03-13,2025-03-15,City,Standard,1,1,2,416,832,Checked-out
JED0570,2025-01-28,2025-02-17,2025-02-20,City,Deluxe,4,0,3,601,1803,Cancelled
JED0571,2025-08-15,2025-08-23,2025-08-25,City,Executive,2,1,2,914,1828,Checked-out
JED0572,2025-07-02,2025-07-23,2025-07-28,City,Deluxe,2,0,5,655,3275,Checked-out
JED0573,2024-12-31,2025-01-06,2025-01-09,City,Suite,2,0,3,1151,3453,Cancelled
JED0574,2024-11-27,2024-11-30,2024-12-09,Resort,Standard,2,0,9,496,4464,Checked-out
JED0575,2025-12-13,2025-12-23,2025-12-27,City,Suite,4,2,4,1220,4880,Checked-out
JED0576,2025-09-11,2025-10-06,2025-10-12,City,Standard,2,0,6,377,2262,Checked-out
JED0577,2025-05-17,2025-05-26,2025-05-28,City,Suite,3,0,2,1164,2328,Checked-out
JED0578,2026-01-17,2026-01-22,2026-01-28,City,Deluxe,2,1,6,555,3330,Checked-out
JED0579,2025-01-25,2025-02-06,2025-02-13,City,Family,1,0,7,721,5047,Checked-out
JED0580,2025-08-14,2025-08-26,2025-08-30,City,Deluxe,1,2,4,621,2484,Checked-out
JED0581,2025-07-06,2025-07-27,2025-07-31,City,Standard,2,0,4,405,1620,Checked-out
JED0582,2025-02-04,2025-02-20,2025-02-25,City,Standard,4,1,5,348,1740,Checked-out
JED0583,2025-10-28,2025-11-01,2025-11-03,City,Executive,2,0,2,978,1956,Checked-out
JED0584,2025-10-31,2025-11-30,2025-12-04,City,Deluxe,2,0,4,594,2376,Cancelled
JED0585,2025-02-06,2025-02-09,2025-02-12,City,Suite,2,1,3,1158,3474,Checked-out
JED0586,2024-11-27,2024-12-22,2024-12-24,City,Standard,2,1,2,436,872,Checked-out
JED0587,2025-01-30,2025-02-24,2025-02-27,Resort,Standard,2,1,3,550,1650,Cancelled
JED0588,2024-10-01,2024-10-31,2024-11-02,City,Standard,3,0,2,428,856,Checked-out
JED0589,2025-05-27,2025-06-16,2025-06-17,Resort,Family,2,0,1,1061,1061,Checked-out
JED0590,2025-07-17,2025-07-26,2025-07-28,City,Suite,2,0,2,1052,2104,Checked-out
JED0591,2025-01-04,2025-01-14,2025-01-23,Resort,Family,1,3,9,1106,9954,Checked-out
JED0592,2025-02-03,2025-02-06,2025-02-10,Resort,Standard,4,0,4,506,2024,Checked-out
JED0593,2025-01-26,2025-02-22,2025-03-03,City,Deluxe,2,0,9,663,5967,Cancelled
JED0594,2024-11-17,2024-12-12,2024-12-15,Resort,Suite,1,0,3,1594,4782,Checked-out
JED0595,2024-12-28,2025-01-02,2025-01-05,City,Standard,2,1,3,385,1155,Checked-out
JED0596,2025-05-25,2025-06-20,2025-06-24,City,Executive,2,0,4,846,3384,Checked-out
JED0597,2025-10-08,2025-11-02,2025-11-05,Resort,Family,2,2,3,1000,3000,Checked-out
JED0598,2025-10-20,2025-11-18,2025-11-20,Resort,Executive,2,0,2,1330,2660,Checked-out
JED0599,2025-06-29,2025-07-09,2025-07-13,City,Suite,3,2,4,1241,4964,Checked-out
JED0600,2025-04-07,2025-05-01,2025-05-04,City,Standard,2,0,3,405,1215,Checked-out
JED0601,2025-04-10,2025-05-07,2025-05-11,City,Standard,3,1,4,419,1676,Checked-out
JED0602,2025-12-21,2026-01-07,2026-01-12,City,Family,2,2,5,840,4200,Checked-out
JED0603,2024-12-08,2024-12-15,2024-12-17,Resort,Standard,2,0,2,474,948,Checked-out
JED0604,2025-07-05,2025-07-10,2025-07-12,City,Suite,2,3,2,1011,2022,Checked-out
JED0605,2025-09-14,2025-10-05,2025-10-10,City,Suite,2,0,5,1168,5840,Checked-out
JED0606,2025-06-04,2025-06-07,2025-06-11,City,Deluxe,3,2,4,713,2852,Checked-out
JED0607,2025-12-25,2026-01-24,2026-01-26,City,Family,2,1,2,830,1660,Checked-out
JED0608,2024-12-15,2025-01-01,2025-01-11,City,Standard,2,0,10,389,3890,Cancelled
JED0609,2025-03-03,2025-03-13,2025-03-15,Resort,Standard,2,0,2,473,946,Checked-out
JED0610,2025-02-21,2025-02-25,2025-03-02,Resort,Standard,4,0,5,529,2645,Cancelled
JED0611,2025-12-09,2025-12-14,2025-12-24,Resort,Deluxe,2,0,10,806,8060,Checked-out
JED0612,2024-12-25,2025-01-20,2025-01-23,City,Standard,4,0,3,374,1122,Cancelled
JED0613,2025-04-03,2025-04-19,2025-04-21,Resort,Standard,2,0,2,584,1168,Checked-out
JED0614,2025-07-12,2025-08-07,2025-08-09,Resort,Executive,1,0,2,1060,2120,Cancelled
JED0615,2026-01-05,2026-01-21,2026-01-24,Resort,Family,2,1,3,1112,3336,Checked-out
JED0616,2025-05-08,2025-05-21,2025-05-23,City,Standard,2,0,2,391,782,Checked-out
JED0617,2024-12-08,2024-12-26,2024-12-31,City,Deluxe,2,0,5,668,3340,Cancelled
JED0618,2024-11-16,2024-11-22,2024-11-24,City,Family,1,1,2,657,1314,Checked-out
JED0619,2025-01-02,2025-01-24,2025-01-28,City,Standard,4,0,4,380,1520,Checked-out
JED0620,2025-05-26,2025-06-02,2025-06-12,City,Standard,3,0,10,350,3500,Checked-out
JED0621,2025-12-20,2026-01-13,2026-01-19,City,Standard,3,0,6,455,2730,Cancelled
JED0622,2025-12-27,2026-01-19,2026-01-23,City,Deluxe,2,2,4,709,2836,Checked-out
JED0623,2025-04-22,2025-05-08,2025-05-11,Resort,Standard,1,2,3,533,1599,Checked-out
JED0624,2025-11-04,2025-11-29,2025-12-03,City,Family,1,0,4,687,2748,Checked-out
JED0625,2025-05-06,2025-05-24,2025-05-28,City,Deluxe,3,1,4,734,2936,Checked-out
JED0626,2026-01-17,2026-02-06,2026-02-09,Resort,Deluxe,4,0,3,836,2508,Checked-out
JED0627,2025-12-06,2025-12-15,2025-12-17,Resort,Standard,2,1,2,485,970,Checked-out
JED0628,2025-09-06,2025-09-18,2025-09-25,Resort,Deluxe,1,1,7,894,6258,Checked-out
JED0629,2024-11-08,2024-11-17,2024-11-20,Resort,Suite,2,1,3,1682,5046,Cancelled
JED0630,2025-01-08,2025-01-11,2025-01-13,City,Suite,2,0,2,936,1872,Checked-out
JED0631,2025-07-16,2025-08-10,2025-08-13,Resort,Suite,2,0,3,1368,4104,Checked-out
JED0632,2025-06-11,2025-07-04,2025-07-07,City,Deluxe,2,0,3,735,2205,Checked-out
JED0633,2025-05-10,2025-05-31,2025-06-06,City,Executive,3,2,6,811,4866,Checked-out
JED0634,2025-09-22,2025-10-10,2025-10-15,City,Executive,1,1,5,795,3975,Checked-out
JED0635,2024-10-23,2024-11-13,2024-11-18,City,Suite,1,2,5,1123,5615,Checked-out
JED0636,2025-06-07,2025-06-13,2025-06-14,City,Standard,4,3,1,443,443,Checked-out
JED0637,2024-10-10,2024-11-09,2024-11-12,Resort,Standard,2,0,3,536,1608,Checked-out
JED0638,2025-06-03,2025-06-23,2025-06-27,Resort,Standard,1,1,4,620,2480,Checked-out
JED0639,2025-08-21,2025-08-25,2025-08-26,City,Suite,2,1,1,1159,1159,Checked-out
JED0640,2025-01-08,2025-01-11,2025-01-14,City,Deluxe,1,3,3,566,1698,Checked-out
JED0641,2025-07-17,2025-08-03,2025-08-08,Resort,Deluxe,2,3,5,1007,5035,Checked-out
JED0642,2025-03-29,2025-04-05,2025-04-07,Resort,Executive,3,1,2,1181,2362,Checked-out
JED0643,2025-05-11,2025-06-02,2025-06-06,City,Executive,2,0,4,842,3368,Checked-out
JED0644,2025-10-29,2025-11-11,2025-11-14,Resort,Executive,2,1,3,1236,3708,Checked-out
JED0645,2025-06-07,2025-06-19,2025-06-20,City,Standard,2,0,1,376,376,Checked-out
JED0646,2025-02-24,2025-02-28,2025-03-03,City,Suite,2,1,3,963,2889,Checked-out
JED0647,2025-12-16,2025-12-21,2025-12-30,Resort,Standard,3,2,9,459,4131,Checked-out
JED0648,2025-01-04,2025-01-29,2025-02-04,City,Standard,3,0,6,393,2358,Checked-out
JED0649,2025-06-14,2025-07-09,2025-07-17,City,Standard,1,1,8,440,3520,Checked-out
JED0650,2025-08-21,2025-09-04,2025-09-08,Resort,Standard,3,0,4,551,2204,Cancelled
JED0651,2024-10-04,2024-10-26,2024-10-28,Resort,Deluxe,2,0,2,1008,2016,Cancelled
JED0652,2024-10-16,2024-10-23,2024-10-27,City,Executive,4,0,4,842,3368,Checked-out
JED0653,2025-07-07,2025-07-14,2025-07-18,City,Standard,2,1,4,373,1492,Checked-out
JED0654,2025-09-01,2025-09-09,2025-09-15,City,Suite,4,2,6,987,5922,Checked-out
JED0655,2025-06-04,2025-06-15,2025-06-17,Resort,Deluxe,3,2,2,789,1578,Checked-out
JED0656,2025-06-15,2025-06-19,2025-06-23,City,Standard,2,0,4,374,1496,Checked-out
JED0657,2026-01-19,2026-02-11,2026-02-13,City,Deluxe,2,2,2,707,1414,Checked-out
JED0658,2025-10-19,2025-11-02,2025-11-05,Resort,Standard,4,1,3,605,1815,Checked-out
JED0659,2025-03-09,2025-03-14,2025-03-19,City,Deluxe,3,0,5,742,3710,Checked-out
JED0660,2026-01-18,2026-02-09,2026-02-13,City,Deluxe,1,0,4,597,2388,Checked-out
JED0661,2025-09-05,2025-10-03,2025-10-06,City,Standard,3,0,3,445,1335,Checked-out
JED0662,2025-03-01,2025-03-25,2025-03-28,Resort,Standard,2,2,3,512,1536,Checked-out
JED0663,2025-10-31,2025-11-14,2025-11-18,City,Deluxe,1,1,4,574,2296,Checked-out
JED0664,2025-03-27,2025-04-22,2025-04-27,City,Executive,2,1,5,999,4995,Checked-out
JED0665,2025-03-12,2025-03-31,2025-04-07,Resort,Standard,2,0,7,562,3934,Checked-out
JED0666,2025-10-15,2025-10-27,2025-11-04,City,Suite,3,1,8,989,7912,Checked-out
JED0667,2024-11-02,2024-11-28,2024-12-03,City,Suite,2,0,5,1076,5380,Checked-out
JED0668,2025-11-21,2025-12-20,2025-12-23,City,Family,3,0,3,702,2106,Checked-out
JED0669,2025-12-19,2026-01-04,2026-01-09,City,Executive,1,1,5,963,4815,Checked-out
JED0670,2025-03-28,2025-04-22,2025-04-25,City,Deluxe,2,0,3,640,1920,Checked-out
JED0671,2025-12-01,2025-12-20,2025-12-23,City,Suite,2,2,3,1261,3783,Cancelled
JED0672,2025-01-09,2025-01-29,2025-02-04,City,Executive,2,0,6,779,4674,Checked-out
JED0673,2025-06-25,2025-07-16,2025-07-17,City,Deluxe,1,1,1,621,621,Checked-out
JED0674,2025-08-19,2025-09-07,2025-09-14,Resort,Standard,2,0,7,537,3759,Checked-out
JED0675,2024-12-04,2024-12-20,2024-12-24,Resort,Standard,2,1,4,540,2160,Cancelled
JED0676,2025-11-21,2025-12-02,2025-12-06,Resort,Executive,2,0,4,1147,4588,Checked-out
JED0677,2025-03-17,2025-03-27,2025-04-01,Resort,Executive,2,0,5,1298,6490,Cancelled
JED0678,2025-08-26,2025-08-30,2025-09-06,City,Standard,2,2,7,444,3108,Checked-out
JED0679,2024-11-12,2024-11-27,2024-12-01,Resort,Deluxe,3,0,4,992,3968,Checked-out
JED0680,2024-11-13,2024-12-10,2024-12-14,City,Deluxe,4,2,4,709,2836,Cancelled
JED0681,2025-07-12,2025-07-21,2025-07-23,Resort,Standard,2,3,2,596,1192,Checked-out
JED0682,2025-11-01,2025-11-12,2025-11-16,Resort,Family,2,0,4,1027,4108,Checked-out
JED0683,2024-10-12,2024-11-05,2024-11-07,Resort,Standard,1,0,2,592,1184,Checked-out
JED0684,2025-01-03,2025-01-27,2025-02-01,Resort,Standard,4,1,5,508,2540,Checked-out
JED0685,2025-07-29,2025-08-11,2025-08-15,City,Deluxe,1,3,4,630,2520,Checked-out
JED0686,2025-10-21,2025-11-06,2025-11-11,City,Suite,2,2,5,1039,5195,Checked-out
JED0687,2025-06-10,2025-06-16,2025-06-17,City,Standard,2,0,1,396,396,Checked-out
JED0688,2025-05-30,2025-06-27,2025-06-29,City,Suite,2,1,2,1029,2058,Checked-out
JED0689,2024-11-04,2024-12-02,2024-12-07,City,Deluxe,2,0,5,740,3700,Cancelled
JED0690,2025-05-03,2025-05-18,2025-05-20,Resort,Standard,3,3,2,509,1018,Checked-out
JED0691,2025-09-02,2025-09-06,2025-09-08,Resort,Standard,1,3,2,474,948,Checked-out
JED0692,2024-12-29,2025-01-23,2025-01-24,City,Deluxe,2,0,1,655,655,Checked-out
JED0693,2025-06-21,2025-06-28,2025-07-06,Resort,Standard,1,0,8,468,3744,Checked-out
JED0694,2025-01-01,2025-01-14,2025-01-19,Resort,Family,1,0,5,894,4470,Checked-out
JED0695,2025-11-14,2025-11-22,2025-11-25,Resort,Executive,4,0,3,1112,3336,Cancelled
JED0696,2026-01-01,2026-01-21,2026-01-24,Resort,Family,2,2,3,1001,3003,Checked-out
JED0697,2024-12-29,2025-01-21,2025-01-24,City,Standard,3,0,3,391,1173,Checked-out
JED0698,2025-11-22,2025-12-04,2025-12-09,Resort,Family,2,0,5,1103,5515,Checked-out
JED0699,2025-01-23,2025-01-29,2025-02-03,Resort,Deluxe,1,0,5,940,4700,Checked-out
JED0700,2025-01-13,2025-01-24,2025-01-26,City,Standard,4,3,2,391,782,Cancelled
JED0701,2025-10-26,2025-11-03,2025-11-05,City,Standard,2,1,2,380,760,Checked-out
JED0702,2025-04-14,2025-04-18,2025-04-20,Resort,Standard,3,0,2,510,1020,Checked-out
JED0703,2025-08-10,2025-08-29,2025-09-03,City,Suite,2,0,5,1190,5950,Checked-out
JED0704,2025-01-22,2025-01-29,2025-02-03,Resort,Deluxe,3,3,5,759,3795,Checked-out
JED0705,2024-12-14,2025-01-10,2025-01-13,Resort,Standard,1,2,3,461,1383,Checked-out
JED0706,2025-11-17,2025-11-25,2025-11-26,City,Deluxe,2,0,1,707,707,Checked-out
JED0707,2025-10-11,2025-11-08,2025-11-10,City,Standard,3,0,2,397,794,Checked-out
JED0708,2025-11-24,2025-12-08,2025-12-17,Resort,Deluxe,4,0,9,780,7020,Checked-out
JED0709,2025-05-05,2025-05-30,2025-06-02,City,Deluxe,4,0,3,598,1794,Checked-out
JED0710,2025-07-04,2025-07-27,2025-08-01,City,Executive,3,1,5,1016,5080,Cancelled
JED0711,2025-06-06,2025-06-18,2025-06-22,City,Executive,3,2,4,997,3988,Cancelled
JED0712,2025-03-13,2025-04-06,2025-04-09,City,Deluxe,2,0,3,690,2070,Checked-out
JED0713,2025-10-29,2025-11-21,2025-11-24,Resort,Deluxe,2,2,3,872,2616,Checked-out
JED0714,2025-09-22,2025-10-21,2025-10-23,City,Deluxe,2,0,2,653,1306,Checked-out
JED0715,2025-12-31,2026-01-27,2026-01-31,Resort,Executive,2,1,4,1388,5552,Checked-out
JED0716,2025-11-12,2025-11-20,2025-11-25,City,Standard,2,1,5,455,2275,Checked-out
JED0717,2025-04-10,2025-05-09,2025-05-13,City,Standard,2,0,4,365,1460,Checked-out
JED0718,2025-05-15,2025-05-25,2025-05-29,Resort,Standard,2,0,4,590,2360,Cancelled
JED0719,2025-03-26,2025-03-30,2025-03-31,Resort,Deluxe,2,1,1,797,797,Cancelled
JED0720,2025-01-07,2025-01-21,2025-01-30,City,Deluxe,2,0,9,594,5346,Checked-out
JED0721,2024-11-05,2024-11-20,2024-11-25,City,Executive,2,0,5,947,4735,Checked-out
JED0722,2026-01-09,2026-02-05,2026-02-08,City,Standard,2,0,3,388,1164,Checked-out
JED0723,2025-01-04,2025-01-27,2025-02-05,City,Deluxe,3,3,9,734,6606,Checked-out
JED0724,2025-03-01,2025-03-10,2025-03-14,Resort,Executive,3,0,4,1065,4260,Checked-out
JED0725,2025-02-28,2025-03-12,2025-03-16,City,Executive,2,2,4,903,3612,Checked-out
JED0726,2025-04-08,2025-04-23,2025-04-28,City,Deluxe,2,0,5,731,3655,Cancelled
JED0727,2025-05-12,2025-05-31,2025-06-06,City,Deluxe,2,1,6,728,4368,Checked-out
JED0728,2024-11-06,2024-12-04,2024-12-09,Resort,Standard,1,1,5,484,2420,Checked-out
JED0729,2025-06-25,2025-07-18,2025-07-20,Resort,Family,2,2,2,971,1942,Checked-out
JED0730,2025-10-04,2025-11-03,2025-11-06,City,Standard,2,0,3,414,1242,Checked-out
JED0731,2025-04-01,2025-04-29,2025-05-06,Resort,Family,1,1,7,909,6363,Checked-out
JED0732,2024-10-13,2024-10-29,2024-11-01,City,Suite,2,1,3,1254,3762,Cancelled
JED0733,2025-07-06,2025-07-10,2025-07-13,City,Deluxe,4,0,3,730,2190,Checked-out
JED0734,2025-05-05,2025-06-04,2025-06-07,Resort,Standard,4,0,3,486,1458,Checked-out
JED0735,2025-09-20,2025-10-14,2025-10-17,Resort,Deluxe,2,0,3,777,2331,Checked-out
JED0736,2025-09-26,2025-10-09,2025-10-13,Resort,Deluxe,1,0,4,768,3072,Checked-out
JED0737,2025-07-13,2025-07-16,2025-07-24,City,Standard,2,2,8,449,3592,Checked-out
JED0738,2025-06-30,2025-07-21,2025-07-24,City,Suite,2,0,3,998,2994,Checked-out
JED0739,2025-10-04,2025-10-27,2025-10-29,Resort,Family,4,0,2,987,1974,Checked-out
JED0740,2024-12-01,2024-12-07,2024-12-09,City,Deluxe,1,1,2,640,1280,Checked-out
JED0741,2024-12-23,2025-01-13,2025-01-20,City,Suite,3,0,7,1132,7924,Checked-out
JED0742,2025-10-03,2025-10-31,2025-11-04,City,Standard,1,0,4,348,1392,Checked-out
JED0743,2025-05-05,2025-05-28,2025-05-31,Resort,Deluxe,4,0,3,805,2415,Checked-out
JED0744,2025-09-07,2025-09-20,2025-09-26,City,Standard,2,3,6,451,2706,Checked-out
JED0745,2025-11-01,2025-11-11,2025-11-17,City,Deluxe,3,2,6,729,4374,Checked-out
JED0746,2025-04-05,2025-04-18,2025-04-24,Resort,Family,2,2,6,1097,6582,Checked-out
JED0747,2024-10-19,2024-10-25,2024-11-01,City,Suite,2,0,7,941,6587,Checked-out
JED0748,2025-03-26,2025-04-14,2025-04-17,City,Standard,2,1,3,379,1137,Checked-out
JED0749,2025-01-08,2025-02-06,2025-02-11,City,Deluxe,1,0,5,674,3370,Checked-out
JED0750,2025-10-31,2025-11-09,2025-11-13,City,Deluxe,4,0,4,606,2424,Checked-out
JED0751,2025-12-19,2025-12-29,2026-01-04,City,Deluxe,4,0,6,729,4374,Checked-out
JED0752,2025-05-21,2025-05-26,2025-05-31,City,Executive,3,1,5,936,4680,Checked-out
JED0753,2025-11-07,2025-12-01,2025-12-06,Resort,Executive,2,0,5,1058,5290,Checked-out
JED0754,2024-12-15,2024-12-19,2024-12-24,City,Deluxe,3,0,5,729,3645,Checked-out
JED0755,2025-06-22,2025-07-17,2025-07-19,Resort,Deluxe,1,0,2,998,1996,Checked-out
JED0756,2025-12-29,2026-01-15,2026-01-19,City,Standard,2,0,4,349,1396,Checked-out
JED0757,2025-07-11,2025-08-06,2025-08-16,City,Standard,2,1,10,403,4030,Checked-out
JED0758,2025-04-24,2025-05-18,2025-05-26,City,Deluxe,2,0,8,611,4888,Cancelled
JED0759,2025-05-11,2025-06-04,2025-06-05,City,Deluxe,2,1,1,629,629,Checked-out
JED0760,2025-10-19,2025-10-26,2025-10-28,Resort,Suite,1,0,2,1342,2684,Checked-out
JED0761,2024-11-21,2024-12-17,2024-12-19,City,Suite,2,2,2,1125,2250,Checked-out
JED0762,2025-09-04,2025-09-07,2025-09-12,City,Standard,3,1,5,454,2270,Checked-out
JED0763,2025-10-02,2025-10-30,2025-11-05,Resort,Deluxe,2,0,6,878,5268,Checked-out
JED0764,2025-02-21,2025-02-27,2025-03-02,Resort,Standard,1,0,3,472,1416,Checked-out
JED0765,2025-10-08,2025-10-25,2025-10-29,Resort,Standard,2,1,4,559,2236,Cancelled
JED0766,2024-12-08,2024-12-30,2025-01-05,City,Executive,2,2,6,856,5136,Cancelled
JED0767,2025-01-07,2025-01-28,2025-02-02,Resort,Standard,2,0,5,597,2985,Checked-out
JED0768,2025-10-31,2025-11-05,2025-11-09,City,Deluxe,2,0,4,637,2548,Checked-out
JED0769,2024-10-25,2024-11-16,2024-11-20,City,Standard,2,2,4,363,1452,Checked-out
JED0770,2025-12-10,2025-12-23,2025-12-27,City,Executive,2,1,4,816,3264,Checked-out
JED0771,2025-10-14,2025-11-02,2025-11-05,City,Deluxe,2,0,3,702,2106,Checked-out
JED0772,2026-01-12,2026-02-10,2026-02-14,City,Standard,3,0,4,371,1484,Checked-out
JED0773,2024-11-22,2024-12-07,2024-12-12,City,Deluxe,2,0,5,702,3510,Checked-out
JED0774,2025-02-28,2025-03-13,2025-03-19,Resort,Suite,2,1,6,1353,8118,Checked-out
JED0775,2025-02-21,2025-02-25,2025-03-01,City,Family,3,0,4,709,2836,Checked-out
JED0776,2024-11-26,2024-12-07,2024-12-12,City,Standard,2,3,5,395,1975,Cancelled
JED0777,2024-11-08,2024-12-06,2024-12-08,City,Executive,1,0,2,1019,2038,Checked-out
JED0778,2025-01-17,2025-01-21,2025-01-25,Resort,Family,3,0,4,1143,4572,Checked-out
JED0779,2025-03-30,2025-04-22,2025-04-23,City,Executive,2,1,1,820,820,Checked-out
JED0780,2024-11-11,2024-11-22,2024-11-25,City,Deluxe,2,2,3,622,1866,Checked-out
JED0781,2025-04-04,2025-04-15,2025-04-20,Resort,Deluxe,1,2,5,785,3925,Checked-out
JED0782,2025-11-27,2025-12-07,2025-12-17,Resort,Deluxe,2,0,10,880,8800,Checked-out
JED0783,2025-11-02,2025-11-21,2025-11-23,City,Suite,2,1,2,1086,2172,Checked-out
JED0784,2025-05-11,2025-05-14,2025-05-17,Resort,Deluxe,1,1,3,983,2949,Checked-out
JED0785,2025-01-30,2025-02-26,2025-03-04,Resort,Suite,2,0,6,1676,10056,Checked-out
JED0786,2025-02-10,2025-02-23,2025-02-26,Resort,Deluxe,2,0,3,846,2538,Checked-out
JED0787,2025-03-12,2025-03-22,2025-03-26,City,Suite,2,0,4,1097,4388,Checked-out
JED0788,2025-05-03,2025-05-15,2025-05-20,Resort,Executive,1,0,5,1359,6795,Checked-out
JED0789,2025-05-09,2025-06-05,2025-06-09,City,Standard,1,2,4,436,1744,Checked-out
JED0790,2025-05-23,2025-06-01,2025-06-03,City,Executive,2,0,2,765,1530,Checked-out
JED0791,2025-08-27,2025-09-01,2025-09-04,City,Deluxe,1,3,3,614,1842,Checked-out
JED0792,2025-02-23,2025-02-28,2025-03-05,City,Executive,4,0,5,878,4390,Cancelled
JED0793,2025-05-27,2025-06-16,2025-06-20,City,Deluxe,1,1,4,597,2388,Checked-out
JED0794,2024-12-15,2024-12-22,2024-12-23,Resort,Deluxe,2,0,1,798,798,Checked-out
JED0795,2024-10-09,2024-10-23,2024-10-28,City,Executive,1,0,5,775,3875,Checked-out
JED0796,2024-12-13,2024-12-27,2024-12-28,City,Standard,2,0,1,417,417,Checked-out
JED0797,2025-12-16,2026-01-06,2026-01-11,City,Executive,4,0,5,835,4175,Checked-out
JED0798,2025-11-05,2025-11-13,2025-11-16,City,Deluxe,2,1,3,562,1686,Cancelled
JED0799,2025-06-10,2025-06-14,2025-06-22,Resort,Deluxe,4,0,8,806,6448,Checked-out
JED0800,2025-05-18,2025-06-01,2025-06-04,City,Standard,2,1,3,436,1308,Checked-out
JED0801,2024-10-07,2024-10-28,2024-10-31,City,Deluxe,3,0,3,718,2154,Checked-out
JED0802,2025-03-23,2025-03-30,2025-04-01,City,Standard,2,0,2,397,794,Checked-out
JED0803,2025-02-18,2025-03-04,2025-03-07,City,Standard,3,0,3,389,1167,Cancelled
JED0804,2025-03-17,2025-04-15,2025-04-21,City,Standard,2,2,6,457,2742,Checked-out
JED0805,2025-03-19,2025-04-17,2025-04-27,Resort,Standard,2,1,10,491,4910,Checked-out
JED0806,2025-10-28,2025-11-16,2025-11-19,Resort,Family,2,0,3,926,2778,Checked-out
JED0807,2025-12-08,2025-12-27,2025-12-30,City,Family,2,0,3,703,2109,Checked-out
JED0808,2025-07-10,2025-07-22,2025-07-27,Resort,Deluxe,4,0,5,791,3955,Checked-out
JED0809,2025-01-30,2025-02-26,2025-03-05,Resort,Suite,2,3,7,1431,10017,Checked-out
JED0810,2025-04-12,2025-05-07,2025-05-11,Resort,Standard,2,1,4,606,2424,Checked-out
JED0811,2024-10-05,2024-10-24,2024-10-27,City,Suite,3,0,3,1138,3414,Checked-out
JED0812,2024-10-29,2024-11-15,2024-11-18,City,Executive,2,1,3,876,2628,Checked-out
JED0813,2025-03-14,2025-03-28,2025-04-02,City,Family,4,0,5,847,4235,Checked-out
JED0814,2025-11-26,2025-12-14,2025-12-15,Resort,Deluxe,3,3,1,758,758,Checked-out
JED0815,2025-09-04,2025-09-30,2025-10-04,Resort,Suite,2,0,4,1355,5420,Checked-out
JED0816,2025-02-13,2025-03-06,2025-03-09,City,Standard,3,1,3,407,1221,Checked-out
JED0817,2025-09-30,2025-10-10,2025-10-15,City,Family,1,0,5,775,3875,Cancelled
JED0818,2025-08-17,2025-09-09,2025-09-11,Resort,Standard,2,1,2,465,930,Checked-out
JED0819,2025-09-07,2025-09-26,2025-09-30,Resort,Deluxe,2,1,4,851,3404,Cancelled
JED0820,2025-02-22,2025-03-19,2025-03-23,Resort,Suite,2,1,4,1551,6204,Cancelled
JED0821,2025-08-23,2025-08-30,2025-09-03,Resort,Suite,3,1,4,1573,6292,Checked-out
JED0822,2025-05-05,2025-05-29,2025-05-31,City,Standard,4,2,2,416,832,Checked-out
JED0823,2025-07-28,2025-08-15,2025-08-19,City,Family,2,0,4,709,2836,Checked-out
JED0824,2025-02-09,2025-02-17,2025-02-21,Resort,Standard,2,0,4,474,1896,Checked-out
JED0825,2025-07-19,2025-07-29,2025-08-02,City,Deluxe,4,0,4,635,2540,Checked-out
JED0826,2024-12-09,2025-01-05,2025-01-09,City,Standard,2,3,4,355,1420,Checked-out
JED0827,2025-06-09,2025-06-29,2025-07-04,Resort,Standard,2,0,5,612,3060,Checked-out
JED0828,2025-11-19,2025-12-16,2025-12-22,City,Deluxe,2,1,6,645,3870,Checked-out
JED0829,2025-07-02,2025-07-16,2025-07-19,Resort,Deluxe,4,1,3,829,2487,Checked-out
JED0830,2025-12-19,2026-01-05,2026-01-11,City,Standard,2,0,6,431,2586,Checked-out
JED0831,2025-09-29,2025-10-28,2025-11-01,Resort,Standard,3,0,4,539,2156,Checked-out
JED0832,2025-03-31,2025-04-28,2025-04-30,City,Deluxe,3,0,2,612,1224,Checked-out
JED0833,2025-03-16,2025-03-27,2025-03-29,City,Suite,2,0,2,1202,2404,Checked-out
JED0834,2024-12-30,2025-01-14,2025-01-17,Resort,Executive,2,0,3,1348,4044,Checked-out
JED0835,2025-04-20,2025-05-18,2025-05-23,City,Standard,3,0,5,420,2100,Cancelled
JED0836,2025-09-11,2025-09-28,2025-10-03,Resort,Deluxe,2,2,5,758,3790,Checked-out
JED0837,2024-10-19,2024-10-31,2024-11-05,Resort,Standard,3,3,5,550,2750,Checked-out
JED0838,2024-11-08,2024-11-26,2024-11-30,City,Standard,4,0,4,431,1724,Checked-out
JED0839,2025-02-03,2025-02-12,2025-02-15,City,Suite,2,0,3,980,2940,Checked-out
JED0840,2025-12-25,2026-01-13,2026-01-15,City,Deluxe,3,0,2,597,1194,Checked-out
JED0841,2025-03-22,2025-04-16,2025-04-19,City,Standard,3,1,3,445,1335,Cancelled
JED0842,2025-02-18,2025-03-18,2025-03-21,Resort,Standard,3,2,3,462,1386,Checked-out
JED0843,2025-05-30,2025-06-22,2025-06-24,Resort,Standard,2,0,2,580,1160,Cancelled
JED0844,2025-05-08,2025-06-01,2025-06-04,Resort,Executive,1,0,3,1205,3615,Checked-out
JED0845,2025-02-03,2025-03-03,2025-03-07,Resort,Family,2,1,4,996,3984,Checked-out
JED0846,2024-11-27,2024-12-06,2024-12-11,City,Standard,2,1,5,340,1700,Checked-out
JED0847,2025-02-25,2025-03-13,2025-03-23,Resort,Standard,2,0,10,591,5910,Cancelled
JED0848,2026-01-19,2026-02-05,2026-02-13,Resort,Executive,3,1,8,1163,9304,Checked-out
JED0849,2025-12-30,2026-01-22,2026-01-26,Resort,Family,2,0,4,1024,4096,Checked-out
JED0850,2025-08-13,2025-08-22,2025-08-25,Resort,Deluxe,2,0,3,924,2772,Checked-out
JED0851,2025-10-18,2025-10-29,2025-11-02,City,Standard,2,1,4,424,1696,Checked-out
JED0852,2025-09-26,2025-10-17,2025-10-22,Resort,Standard,3,2,5,613,3065,Checked-out
JED0853,2025-11-27,2025-12-15,2025-12-17,City,Deluxe,2,0,2,656,1312,Cancelled
JED0854,2024-10-01,2024-10-11,2024-10-14,City,Deluxe,2,2,3,630,1890,Checked-out
JED0855,2025-10-22,2025-11-11,2025-11-17,City,Standard,2,0,6,454,2724,Checked-out
JED0856,2026-01-04,2026-02-02,2026-02-05,Resort,Deluxe,3,1,3,914,2742,Checked-out
JED0857,2025-09-13,2025-10-08,2025-10-12,Resort,Standard,2,0,4,507,2028,Checked-out
JED0858,2025-04-08,2025-04-28,2025-05-02,Resort,Suite,2,2,4,1318,5272,Checked-out
JED0859,2025-04-09,2025-05-01,2025-05-03,Resort,Standard,4,2,2,595,1190,Checked-out
JED0860,2025-10-04,2025-10-13,2025-10-16,City,Standard,3,0,3,383,1149,Checked-out
JED0861,2025-11-13,2025-11-18,2025-11-21,Resort,Deluxe,4,2,3,919,2757,Checked-out
JED0862,2025-08-08,2025-08-28,2025-08-29,City,Deluxe,2,2,1,644,644,Cancelled
JED0863,2025-11-21,2025-12-20,2025-12-21,City,Family,2,1,1,682,682,Cancelled
JED0864,2025-11-26,2025-12-08,2025-12-14,City,Deluxe,3,0,6,669,4014,Checked-out
JED0865,2025-01-25,2025-02-03,2025-02-06,Resort,Standard,2,2,3,468,1404,Checked-out
JED0866,2025-02-11,2025-03-02,2025-03-06,Resort,Suite,3,2,4,1446,5784,Cancelled
JED0867,2024-11-27,2024-12-13,2024-12-16,City,Standard,2,0,3,405,1215,Checked-out
JED0868,2024-11-13,2024-12-09,2024-12-17,City,Executive,2,3,8,882,7056,Checked-out
JED0869,2025-03-22,2025-03-27,2025-03-30,Resort,Deluxe,1,0,3,942,2826,Cancelled
JED0870,2025-03-09,2025-03-23,2025-03-26,City,Deluxe,2,0,3,713,2139,Checked-out
JED0871,2025-03-22,2025-04-21,2025-04-27,Resort,Standard,1,0,6,583,3498,Checked-out
JED0872,2025-08-13,2025-08-28,2025-09-03,Resort,Deluxe,1,1,6,756,4536,Checked-out
JED0873,2025-07-30,2025-08-03,2025-08-05,City,Executive,4,1,2,817,1634,Checked-out
JED0874,2025-02-26,2025-03-03,2025-03-09,City,Executive,2,0,6,909,5454,Checked-out
JED0875,2024-12-19,2024-12-26,2024-12-30,Resort,Standard,2,3,4,610,2440,Checked-out
JED0876,2025-10-09,2025-10-22,2025-10-26,Resort,Standard,3,0,4,594,2376,Checked-out
JED0877,2025-05-01,2025-05-11,2025-05-13,City,Executive,2,0,2,992,1984,Checked-out
JED0878,2025-04-21,2025-05-19,2025-05-21,Resort,Family,2,0,2,952,1904,Checked-out
JED0879,2025-06-09,2025-07-04,2025-07-09,City,Standard,3,1,5,391,1955,Checked-out
JED0880,2025-05-17,2025-06-11,2025-06-15,City,Deluxe,2,2,4,644,2576,Checked-out
JED0881,2025-03-13,2025-03-27,2025-03-30,Resort,Standard,3,1,3,484,1452,Checked-out
JED0882,2025-05-15,2025-05-24,2025-05-29,Resort,Executive,3,2,5,1044,5220,Checked-out
JED0883,2025-02-24,2025-03-13,2025-03-18,City,Standard,4,0,5,453,2265,Checked-out
JED0884,2024-10-20,2024-11-15,2024-11-17,Resort,Standard,2,0,2,497,994,Checked-out
JED0885,2025-12-15,2026-01-03,2026-01-07,City,Suite,2,0,4,1014,4056,Checked-out
JED0886,2025-11-06,2025-11-12,2025-11-14,City,Standard,2,0,2,350,700,Checked-out
JED0887,2024-11-16,2024-12-10,2024-12-15,City,Deluxe,1,0,5,733,3665,Checked-out
JED0888,2025-05-21,2025-06-17,2025-06-22,Resort,Deluxe,3,1,5,898,4490,Checked-out
JED0889,2025-08-01,2025-08-16,2025-08-24,City,Standard,1,0,8,420,3360,Checked-out
JED0890,2024-10-14,2024-11-03,2024-11-05,City,Deluxe,2,1,2,730,1460,Checked-out
JED0891,2025-02-20,2025-02-23,2025-02-25,City,Deluxe,3,0,2,619,1238,Cancelled
JED0892,2025-11-19,2025-12-07,2025-12-10,Resort,Standard,2,0,3,559,1677,Checked-out
JED0893,2024-10-01,2024-10-16,2024-10-19,Resort,Deluxe,2,1,3,756,2268,Checked-out
JED0894,2025-10-08,2025-10-20,2025-10-23,Resort,Executive,2,0,3,1100,3300,Checked-out
JED0895,2024-11-23,2024-12-07,2024-12-14,City,Suite,3,2,7,1209,8463,Checked-out
JED0896,2025-10-09,2025-10-13,2025-10-16,Resort,Standard,2,1,3,583,1749,Cancelled
JED0897,2025-06-16,2025-07-11,2025-07-14,City,Standard,3,0,3,382,1146,Checked-out
JED0898,2025-02-21,2025-02-26,2025-03-03,Resort,Standard,1,3,5,520,2600,Checked-out
JED0899,2026-01-14,2026-01-26,2026-01-29,Resort,Deluxe,3,0,3,886,2658,Checked-out
JED0900,2025-12-15,2025-12-19,2025-12-24,City,Deluxe,3,0,5,552,2760,Checked-out
JED0901,2026-01-02,2026-01-31,2026-02-02,Resort,Suite,2,1,2,1369,2738,Checked-out
JED0902,2024-10-12,2024-11-06,2024-11-10,City,Standard,2,0,4,364,1456,Checked-out
JED0903,2025-08-26,2025-09-10,2025-09-11,City,Standard,2,2,1,370,370,Checked-out
JED0904,2025-05-12,2025-05-27,2025-05-29,City,Deluxe,3,2,2,709,1418,Checked-out
JED0905,2025-06-29,2025-07-19,2025-07-26,City,Suite,2,3,7,1027,7189,Checked-out
JED0906,2025-12-30,2026-01-04,2026-01-06,City,Standard,2,0,2,362,724,Checked-out
JED0907,2025-09-23,2025-10-22,2025-10-26,Resort,Deluxe,2,0,4,878,3512,Checked-out
JED0908,2026-01-03,2026-01-12,2026-01-15,City,Standard,2,1,3,443,1329,Checked-out
JED0909,2025-11-12,2025-11-28,2025-12-01,Resort,Executive,1,0,3,1120,3360,Checked-out
JED0910,2025-03-05,2025-03-27,2025-04-03,City,Executive,2,0,7,786,5502,Checked-out
JED0911,2025-10-08,2025-10-27,2025-10-28,City,Standard,2,0,1,382,382,Checked-out
JED0912,2024-10-08,2024-10-31,2024-11-05,Resort,Standard,3,0,5,580,2900,Cancelled
JED0913,2025-01-30,2025-02-13,2025-02-22,City,Deluxe,2,0,9,659,5931,Checked-out
JED0914,2025-09-13,2025-10-10,2025-10-14,City,Standard,2,2,4,438,1752,Checked-out
JED0915,2025-03-13,2025-03-31,2025-04-08,Resort,Suite,4,2,8,1689,13512,Checked-out
JED0916,2024-12-29,2025-01-24,2025-01-26,City,Executive,3,0,2,979,1958,Checked-out
JED0917,2025-02-13,2025-02-27,2025-03-02,City,Suite,4,0,3,1134,3402,Checked-out
JED0918,2025-04-04,2025-04-21,2025-04-24,City,Executive,2,0,3,898,2694,Checked-out
JED0919,2025-08-12,2025-09-08,2025-09-13,Resort,Deluxe,2,2,5,756,3780,Checked-out
JED0920,2025-03-27,2025-04-08,2025-04-18,Resort,Standard,1,0,10,618,6180,Checked-out
JED0921,2024-10-28,2024-11-24,2024-11-27,Resort,Suite,3,1,3,1433,4299,Checked-out
JED0922,2025-05-08,2025-05-17,2025-05-22,Resort,Deluxe,1,0,5,785,3925,Checked-out
JED0923,2025-09-22,2025-10-14,2025-10-16,City,Suite,2,1,2,1155,2310,Checked-out
JED0924,2024-11-10,2024-11-17,2024-11-21,City,Standard,2,0,4,374,1496,Checked-out
JED0925,2025-05-16,2025-05-19,2025-05-23,Resort,Standard,2,1,4,553,2212,Checked-out
JED0926,2025-04-10,2025-04-29,2025-05-08,City,Family,2,0,9,769,6921,Checked-out
JED0927,2025-11-15,2025-11-20,2025-11-24,City,Standard,2,1,4,393,1572,Checked-out
JED0928,2025-12-21,2026-01-05,2026-01-08,City,Family,2,0,3,825,2475,Checked-out
JED0929,2025-02-22,2025-03-10,2025-03-12,City,Family,2,1,2,697,1394,Checked-out
JED0930,2025-04-19,2025-05-15,2025-05-17,Resort,Suite,4,2,2,1462,2924,Cancelled
JED0931,2025-11-21,2025-12-11,2025-12-14,City,Suite,3,0,3,1112,3336,Checked-out
JED0932,2025-04-30,2025-05-06,2025-05-09,City,Deluxe,4,2,3,681,2043,Cancelled
JED0933,2026-01-04,2026-01-24,2026-01-30,City,Executive,3,1,6,976,5856,Cancelled
JED0934,2025-05-08,2025-05-15,2025-05-19,Resort,Standard,2,0,4,522,2088,Checked-out
JED0935,2025-05-28,2025-06-24,2025-06-28,City,Deluxe,2,0,4,678,2712,Checked-out
JED0936,2025-11-17,2025-12-05,2025-12-07,City,Deluxe,2,0,2,581,1162,Checked-out
JED0937,2025-11-01,2025-11-04,2025-11-10,Resort,Deluxe,2,1,6,991,5946,Checked-out
JED0938,2024-11-15,2024-12-08,2024-12-13,Resort,Deluxe,2,1,5,846,4230,Checked-out
JED0939,2024-11-04,2024-11-20,2024-11-22,City,Standard,2,0,2,427,854,Checked-out
JED0940,2025-06-10,2025-06-27,2025-07-02,City,Deluxe,2,0,5,556,2780,Checked-out
JED0941,2025-10-25,2025-11-05,2025-11-09,City,Executive,2,2,4,820,3280,Cancelled
JED0942,2024-12-21,2025-01-07,2025-01-09,City,Standard,2,2,2,398,796,Checked-out
JED0943,2025-10-06,2025-10-25,2025-10-29,City,Family,2,0,4,835,3340,Checked-out
JED0944,2025-06-13,2025-07-10,2025-07-14,City,Suite,3,3,4,1108,4432,Checked-out
JED0945,2025-04-15,2025-05-11,2025-05-13,City,Executive,2,0,2,1016,2032,Cancelled
JED0946,2025-07-30,2025-08-05,2025-08-13,City,Deluxe,1,0,8,646,5168,Checked-out
JED0947,2025-11-13,2025-11-27,2025-12-03,Resort,Suite,2,2,6,1480,8880,Checked-out
JED0948,2025-12-24,2026-01-22,2026-01-27,Resort,Standard,2,0,5,478,2390,Checked-out
JED0949,2024-10-10,2024-11-07,2024-11-11,Resort,Executive,2,0,4,1325,5300,Checked-out
JED0950,2025-08-08,2025-08-15,2025-08-18,City,Standard,2,0,3,369,1107,Checked-out
JED0951,2025-07-13,2025-07-20,2025-07-25,City,Executive,2,2,5,1007,5035,Checked-out
JED0952,2025-05-30,2025-06-12,2025-06-16,Resort,Family,2,2,4,1137,4548,Checked-out
JED0953,2025-06-08,2025-07-08,2025-07-10,City,Standard,4,0,2,453,906,Checked-out
JED0954,2025-09-30,2025-10-08,2025-10-12,City,Standard,4,0,4,402,1608,Checked-out
JED0955,2024-10-05,2024-10-14,2024-10-20,City,Suite,2,0,6,1158,6948,Cancelled
JED0956,2025-01-27,2025-02-22,2025-02-26,Resort,Standard,2,1,4,585,2340,Checked-out
JED0957,2025-07-16,2025-08-01,2025-08-03,Resort,Executive,3,0,2,1080,2160,Cancelled
JED0958,2025-10-09,2025-11-04,2025-11-09,City,Standard,1,1,5,412,2060,Checked-out
JED0959,2024-12-04,2024-12-17,2024-12-20,City,Standard,2,0,3,344,1032,Checked-out
JED0960,2025-02-23,2025-03-10,2025-03-13,Resort,Family,2,0,3,1011,3033,Checked-out
JED0961,2025-05-12,2025-05-16,2025-05-18,City,Suite,4,0,2,986,1972,Checked-out
JED0962,2025-05-27,2025-06-23,2025-06-26,Resort,Executive,1,0,3,1099,3297,Checked-out
JED0963,2025-03-26,2025-04-04,2025-04-09,Resort,Standard,2,2,5,518,2590,Checked-out
JED0964,2025-06-24,2025-07-16,2025-07-20,Resort,Suite,3,0,4,1454,5816,Checked-out
JED0965,2025-09-06,2025-09-12,2025-09-15,City,Deluxe,2,0,3,674,2022,Checked-out
JED0966,2025-07-09,2025-08-07,2025-08-13,City,Deluxe,1,0,6,567,3402,Checked-out
JED0967,2024-12-02,2024-12-12,2024-12-18,City,Suite,4,0,6,1101,6606,Checked-out
JED0968,2025-05-05,2025-05-27,2025-06-02,Resort,Deluxe,2,0,6,793,4758,Checked-out
JED0969,2025-09-07,2025-10-01,2025-10-04,Resort,Deluxe,2,0,3,896,2688,Checked-out
JED0970,2025-08-11,2025-09-03,2025-09-07,City,Standard,2,0,4,416,1664,Checked-out
JED0971,2025-07-10,2025-07-31,2025-08-10,City,Suite,2,1,10,1118,11180,Checked-out
JED0972,2025-03-26,2025-04-10,2025-04-15,Resort,Standard,2,0,5,578,2890,Checked-out
JED0973,2026-01-04,2026-01-20,2026-01-21,Resort,Suite,1,0,1,1411,1411,Checked-out
JED0974,2025-11-21,2025-12-03,2025-12-05,Resort,Standard,1,3,2,582,1164,Checked-out
JED0975,2025-01-06,2025-01-19,2025-01-23,City,Deluxe,3,0,4,636,2544,Checked-out
JED0976,2025-01-13,2025-01-17,2025-01-24,City,Suite,2,0,7,1094,7658,Checked-out
JED0977,2025-01-07,2025-02-03,2025-02-07,Resort,Standard,2,0,4,563,2252,Checked-out
JED0978,2025-10-20,2025-11-17,2025-11-21,Resort,Standard,2,0,4,461,1844,Checked-out
JED0979,2025-11-09,2025-11-20,2025-11-22,City,Standard,3,1,2,418,836,Cancelled
JED0980,2025-08-07,2025-08-26,2025-08-31,City,Deluxe,1,0,5,673,3365,Checked-out
JED0981,2024-10-06,2024-11-03,2024-11-09,City,Executive,2,1,6,848,5088,Checked-out
JED0982,2026-01-19,2026-01-24,2026-01-27,City,Standard,1,0,3,350,1050,Cancelled
JED0983,2026-01-08,2026-02-03,2026-02-08,City,Suite,1,0,5,965,4825,Cancelled
JED0984,2025-04-15,2025-04-23,2025-05-02,Resort,Standard,1,1,9,608,5472,Checked-out
JED0985,2025-09-16,2025-09-23,2025-09-26,City,Deluxe,3,0,3,686,2058,Checked-out
JED0986,2025-02-10,2025-02-17,2025-02-21,Resort,Family,1,1,4,899,3596,Cancelled
JED0987,2025-09-23,2025-10-17,2025-10-20,City,Standard,1,0,3,382,1146,Checked-out
JED0988,2025-06-16,2025-07-03,2025-07-08,Resort,Deluxe,2,1,5,901,4505,Cancelled
JED0989,2025-12-11,2026-01-05,2026-01-09,Resort,Standard,3,0,4,594,2376,Checked-out
JED0990,2024-10-23,2024-11-11,2024-11-15,City,Standard,2,2,4,345,1380,Checked-out
JED0991,2024-11-22,2024-12-03,2024-12-08,City,Standard,2,0,5,368,1840,Checked-out
JED0992,2025-03-14,2025-03-19,2025-03-22,City,Standard,1,2,3,446,1338,Checked-out
JED0993,2025-04-20,2025-05-12,2025-05-19,City,Deluxe,2,0,7,554,3878,Checked-out
JED0994,2026-01-01,2026-01-29,2026-02-02,Resort,Deluxe,2,1,4,798,3192,Cancelled
JED0995,2024-12-22,2025-01-10,2025-01-12,Resort,Deluxe,2,0,2,998,1996,Checked-out
JED0996,2025-02-22,2025-03-23,2025-03-28,City,Standard,2,2,5,413,2065,Checked-out
JED0997,2024-12-24,2025-01-05,2025-01-10,City,Standard,2,0,5,371,1855,Checked-out
JED0998,2024-12-17,2024-12-22,2024-12-25,City,Suite,1,0,3,957,2871,Checked-out
JED0999,2025-12-31,2026-01-20,2026-01-26,Resort,Family,2,0,6,869,5214,Checked-out
JED1000,2025-10-01,2025-10-21,2025-10-28,City,Standard,1,0,7,369,2583,Checked-out
